"date","area","corrected_positive","corrected_negative","epiweek"
2020-09-26,"Bath and North East Somerset, Swindon and Wiltshire",NA,NA,39
2020-09-27,"Bath and North East Somerset, Swindon and Wiltshire",NA,NA,40
2020-09-28,"Bath and North East Somerset, Swindon and Wiltshire",NA,NA,40
2020-09-29,"Bath and North East Somerset, Swindon and Wiltshire",NA,NA,40
2020-09-30,"Bath and North East Somerset, Swindon and Wiltshire",NA,NA,40
2020-10-01,"Bath and North East Somerset, Swindon and Wiltshire",NA,NA,40
2020-10-02,"Bath and North East Somerset, Swindon and Wiltshire",NA,NA,40
2020-10-03,"Bath and North East Somerset, Swindon and Wiltshire",NA,NA,40
2020-10-04,"Bath and North East Somerset, Swindon and Wiltshire",NA,NA,41
2020-10-05,"Bath and North East Somerset, Swindon and Wiltshire",NA,NA,41
2020-10-06,"Bath and North East Somerset, Swindon and Wiltshire",NA,NA,41
2020-10-07,"Bath and North East Somerset, Swindon and Wiltshire",NA,NA,41
2020-10-08,"Bath and North East Somerset, Swindon and Wiltshire",NA,NA,41
2020-10-09,"Bath and North East Somerset, Swindon and Wiltshire",NA,NA,41
2020-10-10,"Bath and North East Somerset, Swindon and Wiltshire",NA,NA,41
2020-10-11,"Bath and North East Somerset, Swindon and Wiltshire",NA,NA,42
2020-10-12,"Bath and North East Somerset, Swindon and Wiltshire",NA,NA,42
2020-10-13,"Bath and North East Somerset, Swindon and Wiltshire",NA,NA,42
2020-10-14,"Bath and North East Somerset, Swindon and Wiltshire",NA,NA,42
2020-10-15,"Bath and North East Somerset, Swindon and Wiltshire",NA,NA,42
2020-10-16,"Bath and North East Somerset, Swindon and Wiltshire",NA,NA,42
2020-10-17,"Bath and North East Somerset, Swindon and Wiltshire",NA,NA,42
2020-10-18,"Bath and North East Somerset, Swindon and Wiltshire",NA,NA,43
2020-10-19,"Bath and North East Somerset, Swindon and Wiltshire",NA,NA,43
2020-10-20,"Bath and North East Somerset, Swindon and Wiltshire",NA,NA,43
2020-10-21,"Bath and North East Somerset, Swindon and Wiltshire",NA,NA,43
2020-10-22,"Bath and North East Somerset, Swindon and Wiltshire",NA,NA,43
2020-10-23,"Bath and North East Somerset, Swindon and Wiltshire",NA,NA,43
2020-10-24,"Bath and North East Somerset, Swindon and Wiltshire",1098,3,43
2020-10-25,"Bath and North East Somerset, Swindon and Wiltshire",NA,NA,44
2020-10-26,"Bath and North East Somerset, Swindon and Wiltshire",NA,NA,44
2020-10-27,"Bath and North East Somerset, Swindon and Wiltshire",NA,NA,44
2020-10-28,"Bath and North East Somerset, Swindon and Wiltshire",NA,NA,44
2020-10-29,"Bath and North East Somerset, Swindon and Wiltshire",NA,NA,44
2020-10-30,"Bath and North East Somerset, Swindon and Wiltshire",NA,NA,44
2020-10-31,"Bath and North East Somerset, Swindon and Wiltshire",1367,6,44
2020-11-01,"Bath and North East Somerset, Swindon and Wiltshire",NA,NA,45
2020-11-02,"Bath and North East Somerset, Swindon and Wiltshire",NA,NA,45
2020-11-03,"Bath and North East Somerset, Swindon and Wiltshire",NA,NA,45
2020-11-04,"Bath and North East Somerset, Swindon and Wiltshire",NA,NA,45
2020-11-05,"Bath and North East Somerset, Swindon and Wiltshire",NA,NA,45
2020-11-06,"Bath and North East Somerset, Swindon and Wiltshire",NA,NA,45
2020-11-07,"Bath and North East Somerset, Swindon and Wiltshire",1408,14,45
2020-11-08,"Bath and North East Somerset, Swindon and Wiltshire",NA,NA,46
2020-11-09,"Bath and North East Somerset, Swindon and Wiltshire",NA,NA,46
2020-11-10,"Bath and North East Somerset, Swindon and Wiltshire",NA,NA,46
2020-11-11,"Bath and North East Somerset, Swindon and Wiltshire",NA,NA,46
2020-11-12,"Bath and North East Somerset, Swindon and Wiltshire",NA,NA,46
2020-11-13,"Bath and North East Somerset, Swindon and Wiltshire",NA,NA,46
2020-11-14,"Bath and North East Somerset, Swindon and Wiltshire",1579,32,46
2020-11-15,"Bath and North East Somerset, Swindon and Wiltshire",NA,NA,47
2020-11-16,"Bath and North East Somerset, Swindon and Wiltshire",NA,NA,47
2020-11-17,"Bath and North East Somerset, Swindon and Wiltshire",NA,NA,47
2020-11-18,"Bath and North East Somerset, Swindon and Wiltshire",NA,NA,47
2020-11-19,"Bath and North East Somerset, Swindon and Wiltshire",NA,NA,47
2020-11-20,"Bath and North East Somerset, Swindon and Wiltshire",NA,NA,47
2020-11-21,"Bath and North East Somerset, Swindon and Wiltshire",1105,40,47
2020-11-22,"Bath and North East Somerset, Swindon and Wiltshire",NA,NA,48
2020-11-23,"Bath and North East Somerset, Swindon and Wiltshire",NA,NA,48
2020-11-24,"Bath and North East Somerset, Swindon and Wiltshire",NA,NA,48
2020-11-25,"Bath and North East Somerset, Swindon and Wiltshire",NA,NA,48
2020-11-26,"Bath and North East Somerset, Swindon and Wiltshire",NA,NA,48
2020-11-27,"Bath and North East Somerset, Swindon and Wiltshire",NA,NA,48
2020-11-28,"Bath and North East Somerset, Swindon and Wiltshire",721,39,48
2020-11-29,"Bath and North East Somerset, Swindon and Wiltshire",NA,NA,49
2020-11-30,"Bath and North East Somerset, Swindon and Wiltshire",NA,NA,49
2020-12-01,"Bath and North East Somerset, Swindon and Wiltshire",NA,NA,49
2020-12-02,"Bath and North East Somerset, Swindon and Wiltshire",NA,NA,49
2020-12-03,"Bath and North East Somerset, Swindon and Wiltshire",NA,NA,49
2020-12-04,"Bath and North East Somerset, Swindon and Wiltshire",NA,NA,49
2020-12-05,"Bath and North East Somerset, Swindon and Wiltshire",670,85,49
2020-12-06,"Bath and North East Somerset, Swindon and Wiltshire",NA,NA,50
2020-12-07,"Bath and North East Somerset, Swindon and Wiltshire",NA,NA,50
2020-12-08,"Bath and North East Somerset, Swindon and Wiltshire",NA,NA,50
2020-12-09,"Bath and North East Somerset, Swindon and Wiltshire",NA,NA,50
2020-12-10,"Bath and North East Somerset, Swindon and Wiltshire",NA,NA,50
2020-12-11,"Bath and North East Somerset, Swindon and Wiltshire",NA,NA,50
2020-12-12,"Bath and North East Somerset, Swindon and Wiltshire",607,201,50
2020-12-13,"Bath and North East Somerset, Swindon and Wiltshire",NA,NA,51
2020-12-14,"Bath and North East Somerset, Swindon and Wiltshire",NA,NA,51
2020-12-15,"Bath and North East Somerset, Swindon and Wiltshire",NA,NA,51
2020-12-16,"Bath and North East Somerset, Swindon and Wiltshire",NA,NA,51
2020-12-17,"Bath and North East Somerset, Swindon and Wiltshire",NA,NA,51
2020-12-18,"Bath and North East Somerset, Swindon and Wiltshire",NA,NA,51
2020-12-19,"Bath and North East Somerset, Swindon and Wiltshire",741,550,51
2020-12-20,"Bath and North East Somerset, Swindon and Wiltshire",NA,NA,52
2020-12-21,"Bath and North East Somerset, Swindon and Wiltshire",NA,NA,52
2020-12-22,"Bath and North East Somerset, Swindon and Wiltshire",NA,NA,52
2020-12-23,"Bath and North East Somerset, Swindon and Wiltshire",NA,NA,52
2020-12-24,"Bath and North East Somerset, Swindon and Wiltshire",NA,NA,52
2020-12-25,"Bath and North East Somerset, Swindon and Wiltshire",NA,NA,52
2020-12-26,"Bath and North East Somerset, Swindon and Wiltshire",876,1060,52
2020-12-27,"Bath and North East Somerset, Swindon and Wiltshire",NA,NA,53
2020-12-28,"Bath and North East Somerset, Swindon and Wiltshire",NA,NA,53
2020-12-29,"Bath and North East Somerset, Swindon and Wiltshire",NA,NA,53
2020-12-30,"Bath and North East Somerset, Swindon and Wiltshire",NA,NA,53
2020-12-31,"Bath and North East Somerset, Swindon and Wiltshire",NA,NA,53
2021-01-01,"Bath and North East Somerset, Swindon and Wiltshire",NA,NA,53
2021-01-02,"Bath and North East Somerset, Swindon and Wiltshire",1304,2555,53
2021-01-03,"Bath and North East Somerset, Swindon and Wiltshire",NA,NA,54
2021-01-04,"Bath and North East Somerset, Swindon and Wiltshire",NA,NA,54
2021-01-05,"Bath and North East Somerset, Swindon and Wiltshire",NA,NA,54
2021-01-06,"Bath and North East Somerset, Swindon and Wiltshire",NA,NA,54
2021-01-07,"Bath and North East Somerset, Swindon and Wiltshire",NA,NA,54
2021-01-08,"Bath and North East Somerset, Swindon and Wiltshire",NA,NA,54
2021-01-09,"Bath and North East Somerset, Swindon and Wiltshire",944,2976,54
2021-01-10,"Bath and North East Somerset, Swindon and Wiltshire",NA,NA,55
2021-01-11,"Bath and North East Somerset, Swindon and Wiltshire",NA,NA,55
2021-01-12,"Bath and North East Somerset, Swindon and Wiltshire",NA,NA,55
2021-01-13,"Bath and North East Somerset, Swindon and Wiltshire",NA,NA,55
2021-01-14,"Bath and North East Somerset, Swindon and Wiltshire",NA,NA,55
2021-01-15,"Bath and North East Somerset, Swindon and Wiltshire",NA,NA,55
2021-01-16,"Bath and North East Somerset, Swindon and Wiltshire",369,2601,55
2021-01-17,"Bath and North East Somerset, Swindon and Wiltshire",NA,NA,56
2021-01-18,"Bath and North East Somerset, Swindon and Wiltshire",NA,NA,56
2021-01-19,"Bath and North East Somerset, Swindon and Wiltshire",NA,NA,56
2021-01-20,"Bath and North East Somerset, Swindon and Wiltshire",NA,NA,56
2021-01-21,"Bath and North East Somerset, Swindon and Wiltshire",NA,NA,56
2021-01-22,"Bath and North East Somerset, Swindon and Wiltshire",NA,NA,56
2021-01-23,"Bath and North East Somerset, Swindon and Wiltshire",258,1955,56
2020-09-26,"Bedfordshire, Luton and Milton Keynes",NA,NA,39
2020-09-27,"Bedfordshire, Luton and Milton Keynes",NA,NA,40
2020-09-28,"Bedfordshire, Luton and Milton Keynes",NA,NA,40
2020-09-29,"Bedfordshire, Luton and Milton Keynes",NA,NA,40
2020-09-30,"Bedfordshire, Luton and Milton Keynes",NA,NA,40
2020-10-01,"Bedfordshire, Luton and Milton Keynes",NA,NA,40
2020-10-02,"Bedfordshire, Luton and Milton Keynes",NA,NA,40
2020-10-03,"Bedfordshire, Luton and Milton Keynes",NA,NA,40
2020-10-04,"Bedfordshire, Luton and Milton Keynes",NA,NA,41
2020-10-05,"Bedfordshire, Luton and Milton Keynes",NA,NA,41
2020-10-06,"Bedfordshire, Luton and Milton Keynes",NA,NA,41
2020-10-07,"Bedfordshire, Luton and Milton Keynes",NA,NA,41
2020-10-08,"Bedfordshire, Luton and Milton Keynes",NA,NA,41
2020-10-09,"Bedfordshire, Luton and Milton Keynes",NA,NA,41
2020-10-10,"Bedfordshire, Luton and Milton Keynes",NA,NA,41
2020-10-11,"Bedfordshire, Luton and Milton Keynes",NA,NA,42
2020-10-12,"Bedfordshire, Luton and Milton Keynes",NA,NA,42
2020-10-13,"Bedfordshire, Luton and Milton Keynes",NA,NA,42
2020-10-14,"Bedfordshire, Luton and Milton Keynes",NA,NA,42
2020-10-15,"Bedfordshire, Luton and Milton Keynes",NA,NA,42
2020-10-16,"Bedfordshire, Luton and Milton Keynes",NA,NA,42
2020-10-17,"Bedfordshire, Luton and Milton Keynes",NA,NA,42
2020-10-18,"Bedfordshire, Luton and Milton Keynes",NA,NA,43
2020-10-19,"Bedfordshire, Luton and Milton Keynes",NA,NA,43
2020-10-20,"Bedfordshire, Luton and Milton Keynes",NA,NA,43
2020-10-21,"Bedfordshire, Luton and Milton Keynes",NA,NA,43
2020-10-22,"Bedfordshire, Luton and Milton Keynes",NA,NA,43
2020-10-23,"Bedfordshire, Luton and Milton Keynes",NA,NA,43
2020-10-24,"Bedfordshire, Luton and Milton Keynes",1071,3,43
2020-10-25,"Bedfordshire, Luton and Milton Keynes",NA,NA,44
2020-10-26,"Bedfordshire, Luton and Milton Keynes",NA,NA,44
2020-10-27,"Bedfordshire, Luton and Milton Keynes",NA,NA,44
2020-10-28,"Bedfordshire, Luton and Milton Keynes",NA,NA,44
2020-10-29,"Bedfordshire, Luton and Milton Keynes",NA,NA,44
2020-10-30,"Bedfordshire, Luton and Milton Keynes",NA,NA,44
2020-10-31,"Bedfordshire, Luton and Milton Keynes",1297,6,44
2020-11-01,"Bedfordshire, Luton and Milton Keynes",NA,NA,45
2020-11-02,"Bedfordshire, Luton and Milton Keynes",NA,NA,45
2020-11-03,"Bedfordshire, Luton and Milton Keynes",NA,NA,45
2020-11-04,"Bedfordshire, Luton and Milton Keynes",NA,NA,45
2020-11-05,"Bedfordshire, Luton and Milton Keynes",NA,NA,45
2020-11-06,"Bedfordshire, Luton and Milton Keynes",NA,NA,45
2020-11-07,"Bedfordshire, Luton and Milton Keynes",1502,22,45
2020-11-08,"Bedfordshire, Luton and Milton Keynes",NA,NA,46
2020-11-09,"Bedfordshire, Luton and Milton Keynes",NA,NA,46
2020-11-10,"Bedfordshire, Luton and Milton Keynes",NA,NA,46
2020-11-11,"Bedfordshire, Luton and Milton Keynes",NA,NA,46
2020-11-12,"Bedfordshire, Luton and Milton Keynes",NA,NA,46
2020-11-13,"Bedfordshire, Luton and Milton Keynes",NA,NA,46
2020-11-14,"Bedfordshire, Luton and Milton Keynes",1714,89,46
2020-11-15,"Bedfordshire, Luton and Milton Keynes",NA,NA,47
2020-11-16,"Bedfordshire, Luton and Milton Keynes",NA,NA,47
2020-11-17,"Bedfordshire, Luton and Milton Keynes",NA,NA,47
2020-11-18,"Bedfordshire, Luton and Milton Keynes",NA,NA,47
2020-11-19,"Bedfordshire, Luton and Milton Keynes",NA,NA,47
2020-11-20,"Bedfordshire, Luton and Milton Keynes",NA,NA,47
2020-11-21,"Bedfordshire, Luton and Milton Keynes",1396,169,47
2020-11-22,"Bedfordshire, Luton and Milton Keynes",NA,NA,48
2020-11-23,"Bedfordshire, Luton and Milton Keynes",NA,NA,48
2020-11-24,"Bedfordshire, Luton and Milton Keynes",NA,NA,48
2020-11-25,"Bedfordshire, Luton and Milton Keynes",NA,NA,48
2020-11-26,"Bedfordshire, Luton and Milton Keynes",NA,NA,48
2020-11-27,"Bedfordshire, Luton and Milton Keynes",NA,NA,48
2020-11-28,"Bedfordshire, Luton and Milton Keynes",1129,265,48
2020-11-29,"Bedfordshire, Luton and Milton Keynes",NA,NA,49
2020-11-30,"Bedfordshire, Luton and Milton Keynes",NA,NA,49
2020-12-01,"Bedfordshire, Luton and Milton Keynes",NA,NA,49
2020-12-02,"Bedfordshire, Luton and Milton Keynes",NA,NA,49
2020-12-03,"Bedfordshire, Luton and Milton Keynes",NA,NA,49
2020-12-04,"Bedfordshire, Luton and Milton Keynes",NA,NA,49
2020-12-05,"Bedfordshire, Luton and Milton Keynes",1167,559,49
2020-12-06,"Bedfordshire, Luton and Milton Keynes",NA,NA,50
2020-12-07,"Bedfordshire, Luton and Milton Keynes",NA,NA,50
2020-12-08,"Bedfordshire, Luton and Milton Keynes",NA,NA,50
2020-12-09,"Bedfordshire, Luton and Milton Keynes",NA,NA,50
2020-12-10,"Bedfordshire, Luton and Milton Keynes",NA,NA,50
2020-12-11,"Bedfordshire, Luton and Milton Keynes",NA,NA,50
2020-12-12,"Bedfordshire, Luton and Milton Keynes",1330,1570,50
2020-12-13,"Bedfordshire, Luton and Milton Keynes",NA,NA,51
2020-12-14,"Bedfordshire, Luton and Milton Keynes",NA,NA,51
2020-12-15,"Bedfordshire, Luton and Milton Keynes",NA,NA,51
2020-12-16,"Bedfordshire, Luton and Milton Keynes",NA,NA,51
2020-12-17,"Bedfordshire, Luton and Milton Keynes",NA,NA,51
2020-12-18,"Bedfordshire, Luton and Milton Keynes",NA,NA,51
2020-12-19,"Bedfordshire, Luton and Milton Keynes",1720,3543,51
2020-12-20,"Bedfordshire, Luton and Milton Keynes",NA,NA,52
2020-12-21,"Bedfordshire, Luton and Milton Keynes",NA,NA,52
2020-12-22,"Bedfordshire, Luton and Milton Keynes",NA,NA,52
2020-12-23,"Bedfordshire, Luton and Milton Keynes",NA,NA,52
2020-12-24,"Bedfordshire, Luton and Milton Keynes",NA,NA,52
2020-12-25,"Bedfordshire, Luton and Milton Keynes",NA,NA,52
2020-12-26,"Bedfordshire, Luton and Milton Keynes",1229,5023,52
2020-12-27,"Bedfordshire, Luton and Milton Keynes",NA,NA,53
2020-12-28,"Bedfordshire, Luton and Milton Keynes",NA,NA,53
2020-12-29,"Bedfordshire, Luton and Milton Keynes",NA,NA,53
2020-12-30,"Bedfordshire, Luton and Milton Keynes",NA,NA,53
2020-12-31,"Bedfordshire, Luton and Milton Keynes",NA,NA,53
2021-01-01,"Bedfordshire, Luton and Milton Keynes",NA,NA,53
2021-01-02,"Bedfordshire, Luton and Milton Keynes",1330,7050,53
2021-01-03,"Bedfordshire, Luton and Milton Keynes",NA,NA,54
2021-01-04,"Bedfordshire, Luton and Milton Keynes",NA,NA,54
2021-01-05,"Bedfordshire, Luton and Milton Keynes",NA,NA,54
2021-01-06,"Bedfordshire, Luton and Milton Keynes",NA,NA,54
2021-01-07,"Bedfordshire, Luton and Milton Keynes",NA,NA,54
2021-01-08,"Bedfordshire, Luton and Milton Keynes",NA,NA,54
2021-01-09,"Bedfordshire, Luton and Milton Keynes",866,6829,54
2021-01-10,"Bedfordshire, Luton and Milton Keynes",NA,NA,55
2021-01-11,"Bedfordshire, Luton and Milton Keynes",NA,NA,55
2021-01-12,"Bedfordshire, Luton and Milton Keynes",NA,NA,55
2021-01-13,"Bedfordshire, Luton and Milton Keynes",NA,NA,55
2021-01-14,"Bedfordshire, Luton and Milton Keynes",NA,NA,55
2021-01-15,"Bedfordshire, Luton and Milton Keynes",NA,NA,55
2021-01-16,"Bedfordshire, Luton and Milton Keynes",430,5340,55
2021-01-17,"Bedfordshire, Luton and Milton Keynes",NA,NA,56
2021-01-18,"Bedfordshire, Luton and Milton Keynes",NA,NA,56
2021-01-19,"Bedfordshire, Luton and Milton Keynes",NA,NA,56
2021-01-20,"Bedfordshire, Luton and Milton Keynes",NA,NA,56
2021-01-21,"Bedfordshire, Luton and Milton Keynes",NA,NA,56
2021-01-22,"Bedfordshire, Luton and Milton Keynes",NA,NA,56
2021-01-23,"Bedfordshire, Luton and Milton Keynes",251,4375,56
2020-09-26,"Birmingham and Solihull",NA,NA,39
2020-09-27,"Birmingham and Solihull",NA,NA,40
2020-09-28,"Birmingham and Solihull",NA,NA,40
2020-09-29,"Birmingham and Solihull",NA,NA,40
2020-09-30,"Birmingham and Solihull",NA,NA,40
2020-10-01,"Birmingham and Solihull",NA,NA,40
2020-10-02,"Birmingham and Solihull",NA,NA,40
2020-10-03,"Birmingham and Solihull",NA,NA,40
2020-10-04,"Birmingham and Solihull",NA,NA,41
2020-10-05,"Birmingham and Solihull",NA,NA,41
2020-10-06,"Birmingham and Solihull",NA,NA,41
2020-10-07,"Birmingham and Solihull",NA,NA,41
2020-10-08,"Birmingham and Solihull",NA,NA,41
2020-10-09,"Birmingham and Solihull",NA,NA,41
2020-10-10,"Birmingham and Solihull",NA,NA,41
2020-10-11,"Birmingham and Solihull",NA,NA,42
2020-10-12,"Birmingham and Solihull",NA,NA,42
2020-10-13,"Birmingham and Solihull",NA,NA,42
2020-10-14,"Birmingham and Solihull",NA,NA,42
2020-10-15,"Birmingham and Solihull",NA,NA,42
2020-10-16,"Birmingham and Solihull",NA,NA,42
2020-10-17,"Birmingham and Solihull",NA,NA,42
2020-10-18,"Birmingham and Solihull",NA,NA,43
2020-10-19,"Birmingham and Solihull",NA,NA,43
2020-10-20,"Birmingham and Solihull",NA,NA,43
2020-10-21,"Birmingham and Solihull",NA,NA,43
2020-10-22,"Birmingham and Solihull",NA,NA,43
2020-10-23,"Birmingham and Solihull",NA,NA,43
2020-10-24,"Birmingham and Solihull",452,0,43
2020-10-25,"Birmingham and Solihull",NA,NA,44
2020-10-26,"Birmingham and Solihull",NA,NA,44
2020-10-27,"Birmingham and Solihull",NA,NA,44
2020-10-28,"Birmingham and Solihull",NA,NA,44
2020-10-29,"Birmingham and Solihull",NA,NA,44
2020-10-30,"Birmingham and Solihull",NA,NA,44
2020-10-31,"Birmingham and Solihull",464,0,44
2020-11-01,"Birmingham and Solihull",NA,NA,45
2020-11-02,"Birmingham and Solihull",NA,NA,45
2020-11-03,"Birmingham and Solihull",NA,NA,45
2020-11-04,"Birmingham and Solihull",NA,NA,45
2020-11-05,"Birmingham and Solihull",NA,NA,45
2020-11-06,"Birmingham and Solihull",NA,NA,45
2020-11-07,"Birmingham and Solihull",518,1,45
2020-11-08,"Birmingham and Solihull",NA,NA,46
2020-11-09,"Birmingham and Solihull",NA,NA,46
2020-11-10,"Birmingham and Solihull",NA,NA,46
2020-11-11,"Birmingham and Solihull",NA,NA,46
2020-11-12,"Birmingham and Solihull",NA,NA,46
2020-11-13,"Birmingham and Solihull",NA,NA,46
2020-11-14,"Birmingham and Solihull",629,5,46
2020-11-15,"Birmingham and Solihull",NA,NA,47
2020-11-16,"Birmingham and Solihull",NA,NA,47
2020-11-17,"Birmingham and Solihull",NA,NA,47
2020-11-18,"Birmingham and Solihull",NA,NA,47
2020-11-19,"Birmingham and Solihull",NA,NA,47
2020-11-20,"Birmingham and Solihull",NA,NA,47
2020-11-21,"Birmingham and Solihull",471,10,47
2020-11-22,"Birmingham and Solihull",NA,NA,48
2020-11-23,"Birmingham and Solihull",NA,NA,48
2020-11-24,"Birmingham and Solihull",NA,NA,48
2020-11-25,"Birmingham and Solihull",NA,NA,48
2020-11-26,"Birmingham and Solihull",NA,NA,48
2020-11-27,"Birmingham and Solihull",NA,NA,48
2020-11-28,"Birmingham and Solihull",296,12,48
2020-11-29,"Birmingham and Solihull",NA,NA,49
2020-11-30,"Birmingham and Solihull",NA,NA,49
2020-12-01,"Birmingham and Solihull",NA,NA,49
2020-12-02,"Birmingham and Solihull",NA,NA,49
2020-12-03,"Birmingham and Solihull",NA,NA,49
2020-12-04,"Birmingham and Solihull",NA,NA,49
2020-12-05,"Birmingham and Solihull",241,30,49
2020-12-06,"Birmingham and Solihull",NA,NA,50
2020-12-07,"Birmingham and Solihull",NA,NA,50
2020-12-08,"Birmingham and Solihull",NA,NA,50
2020-12-09,"Birmingham and Solihull",NA,NA,50
2020-12-10,"Birmingham and Solihull",NA,NA,50
2020-12-11,"Birmingham and Solihull",NA,NA,50
2020-12-12,"Birmingham and Solihull",235,60,50
2020-12-13,"Birmingham and Solihull",NA,NA,51
2020-12-14,"Birmingham and Solihull",NA,NA,51
2020-12-15,"Birmingham and Solihull",NA,NA,51
2020-12-16,"Birmingham and Solihull",NA,NA,51
2020-12-17,"Birmingham and Solihull",NA,NA,51
2020-12-18,"Birmingham and Solihull",NA,NA,51
2020-12-19,"Birmingham and Solihull",243,124,51
2020-12-20,"Birmingham and Solihull",NA,NA,52
2020-12-21,"Birmingham and Solihull",NA,NA,52
2020-12-22,"Birmingham and Solihull",NA,NA,52
2020-12-23,"Birmingham and Solihull",NA,NA,52
2020-12-24,"Birmingham and Solihull",NA,NA,52
2020-12-25,"Birmingham and Solihull",NA,NA,52
2020-12-26,"Birmingham and Solihull",241,271,52
2020-12-27,"Birmingham and Solihull",NA,NA,53
2020-12-28,"Birmingham and Solihull",NA,NA,53
2020-12-29,"Birmingham and Solihull",NA,NA,53
2020-12-30,"Birmingham and Solihull",NA,NA,53
2020-12-31,"Birmingham and Solihull",NA,NA,53
2021-01-01,"Birmingham and Solihull",NA,NA,53
2021-01-02,"Birmingham and Solihull",279,735,53
2021-01-03,"Birmingham and Solihull",NA,NA,54
2021-01-04,"Birmingham and Solihull",NA,NA,54
2021-01-05,"Birmingham and Solihull",NA,NA,54
2021-01-06,"Birmingham and Solihull",NA,NA,54
2021-01-07,"Birmingham and Solihull",NA,NA,54
2021-01-08,"Birmingham and Solihull",NA,NA,54
2021-01-09,"Birmingham and Solihull",209,841,54
2021-01-10,"Birmingham and Solihull",NA,NA,55
2021-01-11,"Birmingham and Solihull",NA,NA,55
2021-01-12,"Birmingham and Solihull",NA,NA,55
2021-01-13,"Birmingham and Solihull",NA,NA,55
2021-01-14,"Birmingham and Solihull",NA,NA,55
2021-01-15,"Birmingham and Solihull",NA,NA,55
2021-01-16,"Birmingham and Solihull",117,909,55
2021-01-17,"Birmingham and Solihull",NA,NA,56
2021-01-18,"Birmingham and Solihull",NA,NA,56
2021-01-19,"Birmingham and Solihull",NA,NA,56
2021-01-20,"Birmingham and Solihull",NA,NA,56
2021-01-21,"Birmingham and Solihull",NA,NA,56
2021-01-22,"Birmingham and Solihull",NA,NA,56
2021-01-23,"Birmingham and Solihull",43,780,56
2020-09-26,"Bristol, North Somerset and South Gloucestershire",NA,NA,39
2020-09-27,"Bristol, North Somerset and South Gloucestershire",NA,NA,40
2020-09-28,"Bristol, North Somerset and South Gloucestershire",NA,NA,40
2020-09-29,"Bristol, North Somerset and South Gloucestershire",NA,NA,40
2020-09-30,"Bristol, North Somerset and South Gloucestershire",NA,NA,40
2020-10-01,"Bristol, North Somerset and South Gloucestershire",NA,NA,40
2020-10-02,"Bristol, North Somerset and South Gloucestershire",NA,NA,40
2020-10-03,"Bristol, North Somerset and South Gloucestershire",NA,NA,40
2020-10-04,"Bristol, North Somerset and South Gloucestershire",NA,NA,41
2020-10-05,"Bristol, North Somerset and South Gloucestershire",NA,NA,41
2020-10-06,"Bristol, North Somerset and South Gloucestershire",NA,NA,41
2020-10-07,"Bristol, North Somerset and South Gloucestershire",NA,NA,41
2020-10-08,"Bristol, North Somerset and South Gloucestershire",NA,NA,41
2020-10-09,"Bristol, North Somerset and South Gloucestershire",NA,NA,41
2020-10-10,"Bristol, North Somerset and South Gloucestershire",NA,NA,41
2020-10-11,"Bristol, North Somerset and South Gloucestershire",NA,NA,42
2020-10-12,"Bristol, North Somerset and South Gloucestershire",NA,NA,42
2020-10-13,"Bristol, North Somerset and South Gloucestershire",NA,NA,42
2020-10-14,"Bristol, North Somerset and South Gloucestershire",NA,NA,42
2020-10-15,"Bristol, North Somerset and South Gloucestershire",NA,NA,42
2020-10-16,"Bristol, North Somerset and South Gloucestershire",NA,NA,42
2020-10-17,"Bristol, North Somerset and South Gloucestershire",NA,NA,42
2020-10-18,"Bristol, North Somerset and South Gloucestershire",NA,NA,43
2020-10-19,"Bristol, North Somerset and South Gloucestershire",NA,NA,43
2020-10-20,"Bristol, North Somerset and South Gloucestershire",NA,NA,43
2020-10-21,"Bristol, North Somerset and South Gloucestershire",NA,NA,43
2020-10-22,"Bristol, North Somerset and South Gloucestershire",NA,NA,43
2020-10-23,"Bristol, North Somerset and South Gloucestershire",NA,NA,43
2020-10-24,"Bristol, North Somerset and South Gloucestershire",2624,5,43
2020-10-25,"Bristol, North Somerset and South Gloucestershire",NA,NA,44
2020-10-26,"Bristol, North Somerset and South Gloucestershire",NA,NA,44
2020-10-27,"Bristol, North Somerset and South Gloucestershire",NA,NA,44
2020-10-28,"Bristol, North Somerset and South Gloucestershire",NA,NA,44
2020-10-29,"Bristol, North Somerset and South Gloucestershire",NA,NA,44
2020-10-30,"Bristol, North Somerset and South Gloucestershire",NA,NA,44
2020-10-31,"Bristol, North Somerset and South Gloucestershire",2834,33,44
2020-11-01,"Bristol, North Somerset and South Gloucestershire",NA,NA,45
2020-11-02,"Bristol, North Somerset and South Gloucestershire",NA,NA,45
2020-11-03,"Bristol, North Somerset and South Gloucestershire",NA,NA,45
2020-11-04,"Bristol, North Somerset and South Gloucestershire",NA,NA,45
2020-11-05,"Bristol, North Somerset and South Gloucestershire",NA,NA,45
2020-11-06,"Bristol, North Somerset and South Gloucestershire",NA,NA,45
2020-11-07,"Bristol, North Somerset and South Gloucestershire",3266,80,45
2020-11-08,"Bristol, North Somerset and South Gloucestershire",NA,NA,46
2020-11-09,"Bristol, North Somerset and South Gloucestershire",NA,NA,46
2020-11-10,"Bristol, North Somerset and South Gloucestershire",NA,NA,46
2020-11-11,"Bristol, North Somerset and South Gloucestershire",NA,NA,46
2020-11-12,"Bristol, North Somerset and South Gloucestershire",NA,NA,46
2020-11-13,"Bristol, North Somerset and South Gloucestershire",NA,NA,46
2020-11-14,"Bristol, North Somerset and South Gloucestershire",3332,167,46
2020-11-15,"Bristol, North Somerset and South Gloucestershire",NA,NA,47
2020-11-16,"Bristol, North Somerset and South Gloucestershire",NA,NA,47
2020-11-17,"Bristol, North Somerset and South Gloucestershire",NA,NA,47
2020-11-18,"Bristol, North Somerset and South Gloucestershire",NA,NA,47
2020-11-19,"Bristol, North Somerset and South Gloucestershire",NA,NA,47
2020-11-20,"Bristol, North Somerset and South Gloucestershire",NA,NA,47
2020-11-21,"Bristol, North Somerset and South Gloucestershire",2187,149,47
2020-11-22,"Bristol, North Somerset and South Gloucestershire",NA,NA,48
2020-11-23,"Bristol, North Somerset and South Gloucestershire",NA,NA,48
2020-11-24,"Bristol, North Somerset and South Gloucestershire",NA,NA,48
2020-11-25,"Bristol, North Somerset and South Gloucestershire",NA,NA,48
2020-11-26,"Bristol, North Somerset and South Gloucestershire",NA,NA,48
2020-11-27,"Bristol, North Somerset and South Gloucestershire",NA,NA,48
2020-11-28,"Bristol, North Somerset and South Gloucestershire",1111,177,48
2020-11-29,"Bristol, North Somerset and South Gloucestershire",NA,NA,49
2020-11-30,"Bristol, North Somerset and South Gloucestershire",NA,NA,49
2020-12-01,"Bristol, North Somerset and South Gloucestershire",NA,NA,49
2020-12-02,"Bristol, North Somerset and South Gloucestershire",NA,NA,49
2020-12-03,"Bristol, North Somerset and South Gloucestershire",NA,NA,49
2020-12-04,"Bristol, North Somerset and South Gloucestershire",NA,NA,49
2020-12-05,"Bristol, North Somerset and South Gloucestershire",785,216,49
2020-12-06,"Bristol, North Somerset and South Gloucestershire",NA,NA,50
2020-12-07,"Bristol, North Somerset and South Gloucestershire",NA,NA,50
2020-12-08,"Bristol, North Somerset and South Gloucestershire",NA,NA,50
2020-12-09,"Bristol, North Somerset and South Gloucestershire",NA,NA,50
2020-12-10,"Bristol, North Somerset and South Gloucestershire",NA,NA,50
2020-12-11,"Bristol, North Somerset and South Gloucestershire",NA,NA,50
2020-12-12,"Bristol, North Somerset and South Gloucestershire",659,391,50
2020-12-13,"Bristol, North Somerset and South Gloucestershire",NA,NA,51
2020-12-14,"Bristol, North Somerset and South Gloucestershire",NA,NA,51
2020-12-15,"Bristol, North Somerset and South Gloucestershire",NA,NA,51
2020-12-16,"Bristol, North Somerset and South Gloucestershire",NA,NA,51
2020-12-17,"Bristol, North Somerset and South Gloucestershire",NA,NA,51
2020-12-18,"Bristol, North Somerset and South Gloucestershire",NA,NA,51
2020-12-19,"Bristol, North Somerset and South Gloucestershire",637,749,51
2020-12-20,"Bristol, North Somerset and South Gloucestershire",NA,NA,52
2020-12-21,"Bristol, North Somerset and South Gloucestershire",NA,NA,52
2020-12-22,"Bristol, North Somerset and South Gloucestershire",NA,NA,52
2020-12-23,"Bristol, North Somerset and South Gloucestershire",NA,NA,52
2020-12-24,"Bristol, North Somerset and South Gloucestershire",NA,NA,52
2020-12-25,"Bristol, North Somerset and South Gloucestershire",NA,NA,52
2020-12-26,"Bristol, North Somerset and South Gloucestershire",520,1053,52
2020-12-27,"Bristol, North Somerset and South Gloucestershire",NA,NA,53
2020-12-28,"Bristol, North Somerset and South Gloucestershire",NA,NA,53
2020-12-29,"Bristol, North Somerset and South Gloucestershire",NA,NA,53
2020-12-30,"Bristol, North Somerset and South Gloucestershire",NA,NA,53
2020-12-31,"Bristol, North Somerset and South Gloucestershire",NA,NA,53
2021-01-01,"Bristol, North Somerset and South Gloucestershire",NA,NA,53
2021-01-02,"Bristol, North Somerset and South Gloucestershire",861,2641,53
2021-01-03,"Bristol, North Somerset and South Gloucestershire",NA,NA,54
2021-01-04,"Bristol, North Somerset and South Gloucestershire",NA,NA,54
2021-01-05,"Bristol, North Somerset and South Gloucestershire",NA,NA,54
2021-01-06,"Bristol, North Somerset and South Gloucestershire",NA,NA,54
2021-01-07,"Bristol, North Somerset and South Gloucestershire",NA,NA,54
2021-01-08,"Bristol, North Somerset and South Gloucestershire",NA,NA,54
2021-01-09,"Bristol, North Somerset and South Gloucestershire",701,3278,54
2021-01-10,"Bristol, North Somerset and South Gloucestershire",NA,NA,55
2021-01-11,"Bristol, North Somerset and South Gloucestershire",NA,NA,55
2021-01-12,"Bristol, North Somerset and South Gloucestershire",NA,NA,55
2021-01-13,"Bristol, North Somerset and South Gloucestershire",NA,NA,55
2021-01-14,"Bristol, North Somerset and South Gloucestershire",NA,NA,55
2021-01-15,"Bristol, North Somerset and South Gloucestershire",NA,NA,55
2021-01-16,"Bristol, North Somerset and South Gloucestershire",378,2966,55
2021-01-17,"Bristol, North Somerset and South Gloucestershire",NA,NA,56
2021-01-18,"Bristol, North Somerset and South Gloucestershire",NA,NA,56
2021-01-19,"Bristol, North Somerset and South Gloucestershire",NA,NA,56
2021-01-20,"Bristol, North Somerset and South Gloucestershire",NA,NA,56
2021-01-21,"Bristol, North Somerset and South Gloucestershire",NA,NA,56
2021-01-22,"Bristol, North Somerset and South Gloucestershire",NA,NA,56
2021-01-23,"Bristol, North Somerset and South Gloucestershire",151,2337,56
2020-09-26,"Buckinghamshire, Oxfordshire and Berkshire West",NA,NA,39
2020-09-27,"Buckinghamshire, Oxfordshire and Berkshire West",NA,NA,40
2020-09-28,"Buckinghamshire, Oxfordshire and Berkshire West",NA,NA,40
2020-09-29,"Buckinghamshire, Oxfordshire and Berkshire West",NA,NA,40
2020-09-30,"Buckinghamshire, Oxfordshire and Berkshire West",NA,NA,40
2020-10-01,"Buckinghamshire, Oxfordshire and Berkshire West",NA,NA,40
2020-10-02,"Buckinghamshire, Oxfordshire and Berkshire West",NA,NA,40
2020-10-03,"Buckinghamshire, Oxfordshire and Berkshire West",NA,NA,40
2020-10-04,"Buckinghamshire, Oxfordshire and Berkshire West",NA,NA,41
2020-10-05,"Buckinghamshire, Oxfordshire and Berkshire West",NA,NA,41
2020-10-06,"Buckinghamshire, Oxfordshire and Berkshire West",NA,NA,41
2020-10-07,"Buckinghamshire, Oxfordshire and Berkshire West",NA,NA,41
2020-10-08,"Buckinghamshire, Oxfordshire and Berkshire West",NA,NA,41
2020-10-09,"Buckinghamshire, Oxfordshire and Berkshire West",NA,NA,41
2020-10-10,"Buckinghamshire, Oxfordshire and Berkshire West",NA,NA,41
2020-10-11,"Buckinghamshire, Oxfordshire and Berkshire West",NA,NA,42
2020-10-12,"Buckinghamshire, Oxfordshire and Berkshire West",NA,NA,42
2020-10-13,"Buckinghamshire, Oxfordshire and Berkshire West",NA,NA,42
2020-10-14,"Buckinghamshire, Oxfordshire and Berkshire West",NA,NA,42
2020-10-15,"Buckinghamshire, Oxfordshire and Berkshire West",NA,NA,42
2020-10-16,"Buckinghamshire, Oxfordshire and Berkshire West",NA,NA,42
2020-10-17,"Buckinghamshire, Oxfordshire and Berkshire West",NA,NA,42
2020-10-18,"Buckinghamshire, Oxfordshire and Berkshire West",NA,NA,43
2020-10-19,"Buckinghamshire, Oxfordshire and Berkshire West",NA,NA,43
2020-10-20,"Buckinghamshire, Oxfordshire and Berkshire West",NA,NA,43
2020-10-21,"Buckinghamshire, Oxfordshire and Berkshire West",NA,NA,43
2020-10-22,"Buckinghamshire, Oxfordshire and Berkshire West",NA,NA,43
2020-10-23,"Buckinghamshire, Oxfordshire and Berkshire West",NA,NA,43
2020-10-24,"Buckinghamshire, Oxfordshire and Berkshire West",1446,3,43
2020-10-25,"Buckinghamshire, Oxfordshire and Berkshire West",NA,NA,44
2020-10-26,"Buckinghamshire, Oxfordshire and Berkshire West",NA,NA,44
2020-10-27,"Buckinghamshire, Oxfordshire and Berkshire West",NA,NA,44
2020-10-28,"Buckinghamshire, Oxfordshire and Berkshire West",NA,NA,44
2020-10-29,"Buckinghamshire, Oxfordshire and Berkshire West",NA,NA,44
2020-10-30,"Buckinghamshire, Oxfordshire and Berkshire West",NA,NA,44
2020-10-31,"Buckinghamshire, Oxfordshire and Berkshire West",1543,7,44
2020-11-01,"Buckinghamshire, Oxfordshire and Berkshire West",NA,NA,45
2020-11-02,"Buckinghamshire, Oxfordshire and Berkshire West",NA,NA,45
2020-11-03,"Buckinghamshire, Oxfordshire and Berkshire West",NA,NA,45
2020-11-04,"Buckinghamshire, Oxfordshire and Berkshire West",NA,NA,45
2020-11-05,"Buckinghamshire, Oxfordshire and Berkshire West",NA,NA,45
2020-11-06,"Buckinghamshire, Oxfordshire and Berkshire West",NA,NA,45
2020-11-07,"Buckinghamshire, Oxfordshire and Berkshire West",1679,11,45
2020-11-08,"Buckinghamshire, Oxfordshire and Berkshire West",NA,NA,46
2020-11-09,"Buckinghamshire, Oxfordshire and Berkshire West",NA,NA,46
2020-11-10,"Buckinghamshire, Oxfordshire and Berkshire West",NA,NA,46
2020-11-11,"Buckinghamshire, Oxfordshire and Berkshire West",NA,NA,46
2020-11-12,"Buckinghamshire, Oxfordshire and Berkshire West",NA,NA,46
2020-11-13,"Buckinghamshire, Oxfordshire and Berkshire West",NA,NA,46
2020-11-14,"Buckinghamshire, Oxfordshire and Berkshire West",1917,71,46
2020-11-15,"Buckinghamshire, Oxfordshire and Berkshire West",NA,NA,47
2020-11-16,"Buckinghamshire, Oxfordshire and Berkshire West",NA,NA,47
2020-11-17,"Buckinghamshire, Oxfordshire and Berkshire West",NA,NA,47
2020-11-18,"Buckinghamshire, Oxfordshire and Berkshire West",NA,NA,47
2020-11-19,"Buckinghamshire, Oxfordshire and Berkshire West",NA,NA,47
2020-11-20,"Buckinghamshire, Oxfordshire and Berkshire West",NA,NA,47
2020-11-21,"Buckinghamshire, Oxfordshire and Berkshire West",1191,129,47
2020-11-22,"Buckinghamshire, Oxfordshire and Berkshire West",NA,NA,48
2020-11-23,"Buckinghamshire, Oxfordshire and Berkshire West",NA,NA,48
2020-11-24,"Buckinghamshire, Oxfordshire and Berkshire West",NA,NA,48
2020-11-25,"Buckinghamshire, Oxfordshire and Berkshire West",NA,NA,48
2020-11-26,"Buckinghamshire, Oxfordshire and Berkshire West",NA,NA,48
2020-11-27,"Buckinghamshire, Oxfordshire and Berkshire West",NA,NA,48
2020-11-28,"Buckinghamshire, Oxfordshire and Berkshire West",927,198,48
2020-11-29,"Buckinghamshire, Oxfordshire and Berkshire West",NA,NA,49
2020-11-30,"Buckinghamshire, Oxfordshire and Berkshire West",NA,NA,49
2020-12-01,"Buckinghamshire, Oxfordshire and Berkshire West",NA,NA,49
2020-12-02,"Buckinghamshire, Oxfordshire and Berkshire West",NA,NA,49
2020-12-03,"Buckinghamshire, Oxfordshire and Berkshire West",NA,NA,49
2020-12-04,"Buckinghamshire, Oxfordshire and Berkshire West",NA,NA,49
2020-12-05,"Buckinghamshire, Oxfordshire and Berkshire West",923,390,49
2020-12-06,"Buckinghamshire, Oxfordshire and Berkshire West",NA,NA,50
2020-12-07,"Buckinghamshire, Oxfordshire and Berkshire West",NA,NA,50
2020-12-08,"Buckinghamshire, Oxfordshire and Berkshire West",NA,NA,50
2020-12-09,"Buckinghamshire, Oxfordshire and Berkshire West",NA,NA,50
2020-12-10,"Buckinghamshire, Oxfordshire and Berkshire West",NA,NA,50
2020-12-11,"Buckinghamshire, Oxfordshire and Berkshire West",NA,NA,50
2020-12-12,"Buckinghamshire, Oxfordshire and Berkshire West",1310,886,50
2020-12-13,"Buckinghamshire, Oxfordshire and Berkshire West",NA,NA,51
2020-12-14,"Buckinghamshire, Oxfordshire and Berkshire West",NA,NA,51
2020-12-15,"Buckinghamshire, Oxfordshire and Berkshire West",NA,NA,51
2020-12-16,"Buckinghamshire, Oxfordshire and Berkshire West",NA,NA,51
2020-12-17,"Buckinghamshire, Oxfordshire and Berkshire West",NA,NA,51
2020-12-18,"Buckinghamshire, Oxfordshire and Berkshire West",NA,NA,51
2020-12-19,"Buckinghamshire, Oxfordshire and Berkshire West",1455,2524,51
2020-12-20,"Buckinghamshire, Oxfordshire and Berkshire West",NA,NA,52
2020-12-21,"Buckinghamshire, Oxfordshire and Berkshire West",NA,NA,52
2020-12-22,"Buckinghamshire, Oxfordshire and Berkshire West",NA,NA,52
2020-12-23,"Buckinghamshire, Oxfordshire and Berkshire West",NA,NA,52
2020-12-24,"Buckinghamshire, Oxfordshire and Berkshire West",NA,NA,52
2020-12-25,"Buckinghamshire, Oxfordshire and Berkshire West",NA,NA,52
2020-12-26,"Buckinghamshire, Oxfordshire and Berkshire West",1141,4204,52
2020-12-27,"Buckinghamshire, Oxfordshire and Berkshire West",NA,NA,53
2020-12-28,"Buckinghamshire, Oxfordshire and Berkshire West",NA,NA,53
2020-12-29,"Buckinghamshire, Oxfordshire and Berkshire West",NA,NA,53
2020-12-30,"Buckinghamshire, Oxfordshire and Berkshire West",NA,NA,53
2020-12-31,"Buckinghamshire, Oxfordshire and Berkshire West",NA,NA,53
2021-01-01,"Buckinghamshire, Oxfordshire and Berkshire West",NA,NA,53
2021-01-02,"Buckinghamshire, Oxfordshire and Berkshire West",1170,6795,53
2021-01-03,"Buckinghamshire, Oxfordshire and Berkshire West",NA,NA,54
2021-01-04,"Buckinghamshire, Oxfordshire and Berkshire West",NA,NA,54
2021-01-05,"Buckinghamshire, Oxfordshire and Berkshire West",NA,NA,54
2021-01-06,"Buckinghamshire, Oxfordshire and Berkshire West",NA,NA,54
2021-01-07,"Buckinghamshire, Oxfordshire and Berkshire West",NA,NA,54
2021-01-08,"Buckinghamshire, Oxfordshire and Berkshire West",NA,NA,54
2021-01-09,"Buckinghamshire, Oxfordshire and Berkshire West",764,6352,54
2021-01-10,"Buckinghamshire, Oxfordshire and Berkshire West",NA,NA,55
2021-01-11,"Buckinghamshire, Oxfordshire and Berkshire West",NA,NA,55
2021-01-12,"Buckinghamshire, Oxfordshire and Berkshire West",NA,NA,55
2021-01-13,"Buckinghamshire, Oxfordshire and Berkshire West",NA,NA,55
2021-01-14,"Buckinghamshire, Oxfordshire and Berkshire West",NA,NA,55
2021-01-15,"Buckinghamshire, Oxfordshire and Berkshire West",NA,NA,55
2021-01-16,"Buckinghamshire, Oxfordshire and Berkshire West",509,4814,55
2021-01-17,"Buckinghamshire, Oxfordshire and Berkshire West",NA,NA,56
2021-01-18,"Buckinghamshire, Oxfordshire and Berkshire West",NA,NA,56
2021-01-19,"Buckinghamshire, Oxfordshire and Berkshire West",NA,NA,56
2021-01-20,"Buckinghamshire, Oxfordshire and Berkshire West",NA,NA,56
2021-01-21,"Buckinghamshire, Oxfordshire and Berkshire West",NA,NA,56
2021-01-22,"Buckinghamshire, Oxfordshire and Berkshire West",NA,NA,56
2021-01-23,"Buckinghamshire, Oxfordshire and Berkshire West",324,3705,56
2020-09-26,"Cambridgeshire and Peterborough",NA,NA,39
2020-09-27,"Cambridgeshire and Peterborough",NA,NA,40
2020-09-28,"Cambridgeshire and Peterborough",NA,NA,40
2020-09-29,"Cambridgeshire and Peterborough",NA,NA,40
2020-09-30,"Cambridgeshire and Peterborough",NA,NA,40
2020-10-01,"Cambridgeshire and Peterborough",NA,NA,40
2020-10-02,"Cambridgeshire and Peterborough",NA,NA,40
2020-10-03,"Cambridgeshire and Peterborough",NA,NA,40
2020-10-04,"Cambridgeshire and Peterborough",NA,NA,41
2020-10-05,"Cambridgeshire and Peterborough",NA,NA,41
2020-10-06,"Cambridgeshire and Peterborough",NA,NA,41
2020-10-07,"Cambridgeshire and Peterborough",NA,NA,41
2020-10-08,"Cambridgeshire and Peterborough",NA,NA,41
2020-10-09,"Cambridgeshire and Peterborough",NA,NA,41
2020-10-10,"Cambridgeshire and Peterborough",NA,NA,41
2020-10-11,"Cambridgeshire and Peterborough",NA,NA,42
2020-10-12,"Cambridgeshire and Peterborough",NA,NA,42
2020-10-13,"Cambridgeshire and Peterborough",NA,NA,42
2020-10-14,"Cambridgeshire and Peterborough",NA,NA,42
2020-10-15,"Cambridgeshire and Peterborough",NA,NA,42
2020-10-16,"Cambridgeshire and Peterborough",NA,NA,42
2020-10-17,"Cambridgeshire and Peterborough",NA,NA,42
2020-10-18,"Cambridgeshire and Peterborough",NA,NA,43
2020-10-19,"Cambridgeshire and Peterborough",NA,NA,43
2020-10-20,"Cambridgeshire and Peterborough",NA,NA,43
2020-10-21,"Cambridgeshire and Peterborough",NA,NA,43
2020-10-22,"Cambridgeshire and Peterborough",NA,NA,43
2020-10-23,"Cambridgeshire and Peterborough",NA,NA,43
2020-10-24,"Cambridgeshire and Peterborough",728,1,43
2020-10-25,"Cambridgeshire and Peterborough",NA,NA,44
2020-10-26,"Cambridgeshire and Peterborough",NA,NA,44
2020-10-27,"Cambridgeshire and Peterborough",NA,NA,44
2020-10-28,"Cambridgeshire and Peterborough",NA,NA,44
2020-10-29,"Cambridgeshire and Peterborough",NA,NA,44
2020-10-30,"Cambridgeshire and Peterborough",NA,NA,44
2020-10-31,"Cambridgeshire and Peterborough",805,5,44
2020-11-01,"Cambridgeshire and Peterborough",NA,NA,45
2020-11-02,"Cambridgeshire and Peterborough",NA,NA,45
2020-11-03,"Cambridgeshire and Peterborough",NA,NA,45
2020-11-04,"Cambridgeshire and Peterborough",NA,NA,45
2020-11-05,"Cambridgeshire and Peterborough",NA,NA,45
2020-11-06,"Cambridgeshire and Peterborough",NA,NA,45
2020-11-07,"Cambridgeshire and Peterborough",965,10,45
2020-11-08,"Cambridgeshire and Peterborough",NA,NA,46
2020-11-09,"Cambridgeshire and Peterborough",NA,NA,46
2020-11-10,"Cambridgeshire and Peterborough",NA,NA,46
2020-11-11,"Cambridgeshire and Peterborough",NA,NA,46
2020-11-12,"Cambridgeshire and Peterborough",NA,NA,46
2020-11-13,"Cambridgeshire and Peterborough",NA,NA,46
2020-11-14,"Cambridgeshire and Peterborough",1239,18,46
2020-11-15,"Cambridgeshire and Peterborough",NA,NA,47
2020-11-16,"Cambridgeshire and Peterborough",NA,NA,47
2020-11-17,"Cambridgeshire and Peterborough",NA,NA,47
2020-11-18,"Cambridgeshire and Peterborough",NA,NA,47
2020-11-19,"Cambridgeshire and Peterborough",NA,NA,47
2020-11-20,"Cambridgeshire and Peterborough",NA,NA,47
2020-11-21,"Cambridgeshire and Peterborough",918,51,47
2020-11-22,"Cambridgeshire and Peterborough",NA,NA,48
2020-11-23,"Cambridgeshire and Peterborough",NA,NA,48
2020-11-24,"Cambridgeshire and Peterborough",NA,NA,48
2020-11-25,"Cambridgeshire and Peterborough",NA,NA,48
2020-11-26,"Cambridgeshire and Peterborough",NA,NA,48
2020-11-27,"Cambridgeshire and Peterborough",NA,NA,48
2020-11-28,"Cambridgeshire and Peterborough",731,85,48
2020-11-29,"Cambridgeshire and Peterborough",NA,NA,49
2020-11-30,"Cambridgeshire and Peterborough",NA,NA,49
2020-12-01,"Cambridgeshire and Peterborough",NA,NA,49
2020-12-02,"Cambridgeshire and Peterborough",NA,NA,49
2020-12-03,"Cambridgeshire and Peterborough",NA,NA,49
2020-12-04,"Cambridgeshire and Peterborough",NA,NA,49
2020-12-05,"Cambridgeshire and Peterborough",588,250,49
2020-12-06,"Cambridgeshire and Peterborough",NA,NA,50
2020-12-07,"Cambridgeshire and Peterborough",NA,NA,50
2020-12-08,"Cambridgeshire and Peterborough",NA,NA,50
2020-12-09,"Cambridgeshire and Peterborough",NA,NA,50
2020-12-10,"Cambridgeshire and Peterborough",NA,NA,50
2020-12-11,"Cambridgeshire and Peterborough",NA,NA,50
2020-12-12,"Cambridgeshire and Peterborough",561,695,50
2020-12-13,"Cambridgeshire and Peterborough",NA,NA,51
2020-12-14,"Cambridgeshire and Peterborough",NA,NA,51
2020-12-15,"Cambridgeshire and Peterborough",NA,NA,51
2020-12-16,"Cambridgeshire and Peterborough",NA,NA,51
2020-12-17,"Cambridgeshire and Peterborough",NA,NA,51
2020-12-18,"Cambridgeshire and Peterborough",NA,NA,51
2020-12-19,"Cambridgeshire and Peterborough",666,1439,51
2020-12-20,"Cambridgeshire and Peterborough",NA,NA,52
2020-12-21,"Cambridgeshire and Peterborough",NA,NA,52
2020-12-22,"Cambridgeshire and Peterborough",NA,NA,52
2020-12-23,"Cambridgeshire and Peterborough",NA,NA,52
2020-12-24,"Cambridgeshire and Peterborough",NA,NA,52
2020-12-25,"Cambridgeshire and Peterborough",NA,NA,52
2020-12-26,"Cambridgeshire and Peterborough",629,2074,52
2020-12-27,"Cambridgeshire and Peterborough",NA,NA,53
2020-12-28,"Cambridgeshire and Peterborough",NA,NA,53
2020-12-29,"Cambridgeshire and Peterborough",NA,NA,53
2020-12-30,"Cambridgeshire and Peterborough",NA,NA,53
2020-12-31,"Cambridgeshire and Peterborough",NA,NA,53
2021-01-01,"Cambridgeshire and Peterborough",NA,NA,53
2021-01-02,"Cambridgeshire and Peterborough",695,3799,53
2021-01-03,"Cambridgeshire and Peterborough",NA,NA,54
2021-01-04,"Cambridgeshire and Peterborough",NA,NA,54
2021-01-05,"Cambridgeshire and Peterborough",NA,NA,54
2021-01-06,"Cambridgeshire and Peterborough",NA,NA,54
2021-01-07,"Cambridgeshire and Peterborough",NA,NA,54
2021-01-08,"Cambridgeshire and Peterborough",NA,NA,54
2021-01-09,"Cambridgeshire and Peterborough",511,3819,54
2021-01-10,"Cambridgeshire and Peterborough",NA,NA,55
2021-01-11,"Cambridgeshire and Peterborough",NA,NA,55
2021-01-12,"Cambridgeshire and Peterborough",NA,NA,55
2021-01-13,"Cambridgeshire and Peterborough",NA,NA,55
2021-01-14,"Cambridgeshire and Peterborough",NA,NA,55
2021-01-15,"Cambridgeshire and Peterborough",NA,NA,55
2021-01-16,"Cambridgeshire and Peterborough",361,2970,55
2021-01-17,"Cambridgeshire and Peterborough",NA,NA,56
2021-01-18,"Cambridgeshire and Peterborough",NA,NA,56
2021-01-19,"Cambridgeshire and Peterborough",NA,NA,56
2021-01-20,"Cambridgeshire and Peterborough",NA,NA,56
2021-01-21,"Cambridgeshire and Peterborough",NA,NA,56
2021-01-22,"Cambridgeshire and Peterborough",NA,NA,56
2021-01-23,"Cambridgeshire and Peterborough",224,2579,56
2020-09-26,"Cheshire and Merseyside",NA,NA,39
2020-09-27,"Cheshire and Merseyside",NA,NA,40
2020-09-28,"Cheshire and Merseyside",NA,NA,40
2020-09-29,"Cheshire and Merseyside",NA,NA,40
2020-09-30,"Cheshire and Merseyside",NA,NA,40
2020-10-01,"Cheshire and Merseyside",NA,NA,40
2020-10-02,"Cheshire and Merseyside",NA,NA,40
2020-10-03,"Cheshire and Merseyside",NA,NA,40
2020-10-04,"Cheshire and Merseyside",NA,NA,41
2020-10-05,"Cheshire and Merseyside",NA,NA,41
2020-10-06,"Cheshire and Merseyside",NA,NA,41
2020-10-07,"Cheshire and Merseyside",NA,NA,41
2020-10-08,"Cheshire and Merseyside",NA,NA,41
2020-10-09,"Cheshire and Merseyside",NA,NA,41
2020-10-10,"Cheshire and Merseyside",NA,NA,41
2020-10-11,"Cheshire and Merseyside",NA,NA,42
2020-10-12,"Cheshire and Merseyside",NA,NA,42
2020-10-13,"Cheshire and Merseyside",NA,NA,42
2020-10-14,"Cheshire and Merseyside",NA,NA,42
2020-10-15,"Cheshire and Merseyside",NA,NA,42
2020-10-16,"Cheshire and Merseyside",NA,NA,42
2020-10-17,"Cheshire and Merseyside",NA,NA,42
2020-10-18,"Cheshire and Merseyside",NA,NA,43
2020-10-19,"Cheshire and Merseyside",NA,NA,43
2020-10-20,"Cheshire and Merseyside",NA,NA,43
2020-10-21,"Cheshire and Merseyside",NA,NA,43
2020-10-22,"Cheshire and Merseyside",NA,NA,43
2020-10-23,"Cheshire and Merseyside",NA,NA,43
2020-10-24,"Cheshire and Merseyside",7834,1,43
2020-10-25,"Cheshire and Merseyside",NA,NA,44
2020-10-26,"Cheshire and Merseyside",NA,NA,44
2020-10-27,"Cheshire and Merseyside",NA,NA,44
2020-10-28,"Cheshire and Merseyside",NA,NA,44
2020-10-29,"Cheshire and Merseyside",NA,NA,44
2020-10-30,"Cheshire and Merseyside",NA,NA,44
2020-10-31,"Cheshire and Merseyside",6425,2,44
2020-11-01,"Cheshire and Merseyside",NA,NA,45
2020-11-02,"Cheshire and Merseyside",NA,NA,45
2020-11-03,"Cheshire and Merseyside",NA,NA,45
2020-11-04,"Cheshire and Merseyside",NA,NA,45
2020-11-05,"Cheshire and Merseyside",NA,NA,45
2020-11-06,"Cheshire and Merseyside",NA,NA,45
2020-11-07,"Cheshire and Merseyside",5816,6,45
2020-11-08,"Cheshire and Merseyside",NA,NA,46
2020-11-09,"Cheshire and Merseyside",NA,NA,46
2020-11-10,"Cheshire and Merseyside",NA,NA,46
2020-11-11,"Cheshire and Merseyside",NA,NA,46
2020-11-12,"Cheshire and Merseyside",NA,NA,46
2020-11-13,"Cheshire and Merseyside",NA,NA,46
2020-11-14,"Cheshire and Merseyside",5764,19,46
2020-11-15,"Cheshire and Merseyside",NA,NA,47
2020-11-16,"Cheshire and Merseyside",NA,NA,47
2020-11-17,"Cheshire and Merseyside",NA,NA,47
2020-11-18,"Cheshire and Merseyside",NA,NA,47
2020-11-19,"Cheshire and Merseyside",NA,NA,47
2020-11-20,"Cheshire and Merseyside",NA,NA,47
2020-11-21,"Cheshire and Merseyside",3496,21,47
2020-11-22,"Cheshire and Merseyside",NA,NA,48
2020-11-23,"Cheshire and Merseyside",NA,NA,48
2020-11-24,"Cheshire and Merseyside",NA,NA,48
2020-11-25,"Cheshire and Merseyside",NA,NA,48
2020-11-26,"Cheshire and Merseyside",NA,NA,48
2020-11-27,"Cheshire and Merseyside",NA,NA,48
2020-11-28,"Cheshire and Merseyside",2128,21,48
2020-11-29,"Cheshire and Merseyside",NA,NA,49
2020-11-30,"Cheshire and Merseyside",NA,NA,49
2020-12-01,"Cheshire and Merseyside",NA,NA,49
2020-12-02,"Cheshire and Merseyside",NA,NA,49
2020-12-03,"Cheshire and Merseyside",NA,NA,49
2020-12-04,"Cheshire and Merseyside",NA,NA,49
2020-12-05,"Cheshire and Merseyside",1777,31,49
2020-12-06,"Cheshire and Merseyside",NA,NA,50
2020-12-07,"Cheshire and Merseyside",NA,NA,50
2020-12-08,"Cheshire and Merseyside",NA,NA,50
2020-12-09,"Cheshire and Merseyside",NA,NA,50
2020-12-10,"Cheshire and Merseyside",NA,NA,50
2020-12-11,"Cheshire and Merseyside",NA,NA,50
2020-12-12,"Cheshire and Merseyside",2025,142,50
2020-12-13,"Cheshire and Merseyside",NA,NA,51
2020-12-14,"Cheshire and Merseyside",NA,NA,51
2020-12-15,"Cheshire and Merseyside",NA,NA,51
2020-12-16,"Cheshire and Merseyside",NA,NA,51
2020-12-17,"Cheshire and Merseyside",NA,NA,51
2020-12-18,"Cheshire and Merseyside",NA,NA,51
2020-12-19,"Cheshire and Merseyside",2901,615,51
2020-12-20,"Cheshire and Merseyside",NA,NA,52
2020-12-21,"Cheshire and Merseyside",NA,NA,52
2020-12-22,"Cheshire and Merseyside",NA,NA,52
2020-12-23,"Cheshire and Merseyside",NA,NA,52
2020-12-24,"Cheshire and Merseyside",NA,NA,52
2020-12-25,"Cheshire and Merseyside",NA,NA,52
2020-12-26,"Cheshire and Merseyside",3090,1971,52
2020-12-27,"Cheshire and Merseyside",NA,NA,53
2020-12-28,"Cheshire and Merseyside",NA,NA,53
2020-12-29,"Cheshire and Merseyside",NA,NA,53
2020-12-30,"Cheshire and Merseyside",NA,NA,53
2020-12-31,"Cheshire and Merseyside",NA,NA,53
2021-01-01,"Cheshire and Merseyside",NA,NA,53
2021-01-02,"Cheshire and Merseyside",6361,7984,53
2021-01-03,"Cheshire and Merseyside",NA,NA,54
2021-01-04,"Cheshire and Merseyside",NA,NA,54
2021-01-05,"Cheshire and Merseyside",NA,NA,54
2021-01-06,"Cheshire and Merseyside",NA,NA,54
2021-01-07,"Cheshire and Merseyside",NA,NA,54
2021-01-08,"Cheshire and Merseyside",NA,NA,54
2021-01-09,"Cheshire and Merseyside",7127,12562,54
2021-01-10,"Cheshire and Merseyside",NA,NA,55
2021-01-11,"Cheshire and Merseyside",NA,NA,55
2021-01-12,"Cheshire and Merseyside",NA,NA,55
2021-01-13,"Cheshire and Merseyside",NA,NA,55
2021-01-14,"Cheshire and Merseyside",NA,NA,55
2021-01-15,"Cheshire and Merseyside",NA,NA,55
2021-01-16,"Cheshire and Merseyside",3807,11171,55
2021-01-17,"Cheshire and Merseyside",NA,NA,56
2021-01-18,"Cheshire and Merseyside",NA,NA,56
2021-01-19,"Cheshire and Merseyside",NA,NA,56
2021-01-20,"Cheshire and Merseyside",NA,NA,56
2021-01-21,"Cheshire and Merseyside",NA,NA,56
2021-01-22,"Cheshire and Merseyside",NA,NA,56
2021-01-23,"Cheshire and Merseyside",1787,8687,56
2020-09-26,"Cornwall and the Isles of Scilly",NA,NA,39
2020-09-27,"Cornwall and the Isles of Scilly",NA,NA,40
2020-09-28,"Cornwall and the Isles of Scilly",NA,NA,40
2020-09-29,"Cornwall and the Isles of Scilly",NA,NA,40
2020-09-30,"Cornwall and the Isles of Scilly",NA,NA,40
2020-10-01,"Cornwall and the Isles of Scilly",NA,NA,40
2020-10-02,"Cornwall and the Isles of Scilly",NA,NA,40
2020-10-03,"Cornwall and the Isles of Scilly",NA,NA,40
2020-10-04,"Cornwall and the Isles of Scilly",NA,NA,41
2020-10-05,"Cornwall and the Isles of Scilly",NA,NA,41
2020-10-06,"Cornwall and the Isles of Scilly",NA,NA,41
2020-10-07,"Cornwall and the Isles of Scilly",NA,NA,41
2020-10-08,"Cornwall and the Isles of Scilly",NA,NA,41
2020-10-09,"Cornwall and the Isles of Scilly",NA,NA,41
2020-10-10,"Cornwall and the Isles of Scilly",NA,NA,41
2020-10-11,"Cornwall and the Isles of Scilly",NA,NA,42
2020-10-12,"Cornwall and the Isles of Scilly",NA,NA,42
2020-10-13,"Cornwall and the Isles of Scilly",NA,NA,42
2020-10-14,"Cornwall and the Isles of Scilly",NA,NA,42
2020-10-15,"Cornwall and the Isles of Scilly",NA,NA,42
2020-10-16,"Cornwall and the Isles of Scilly",NA,NA,42
2020-10-17,"Cornwall and the Isles of Scilly",NA,NA,42
2020-10-18,"Cornwall and the Isles of Scilly",NA,NA,43
2020-10-19,"Cornwall and the Isles of Scilly",NA,NA,43
2020-10-20,"Cornwall and the Isles of Scilly",NA,NA,43
2020-10-21,"Cornwall and the Isles of Scilly",NA,NA,43
2020-10-22,"Cornwall and the Isles of Scilly",NA,NA,43
2020-10-23,"Cornwall and the Isles of Scilly",NA,NA,43
2020-10-24,"Cornwall and the Isles of Scilly",219,0,43
2020-10-25,"Cornwall and the Isles of Scilly",NA,NA,44
2020-10-26,"Cornwall and the Isles of Scilly",NA,NA,44
2020-10-27,"Cornwall and the Isles of Scilly",NA,NA,44
2020-10-28,"Cornwall and the Isles of Scilly",NA,NA,44
2020-10-29,"Cornwall and the Isles of Scilly",NA,NA,44
2020-10-30,"Cornwall and the Isles of Scilly",NA,NA,44
2020-10-31,"Cornwall and the Isles of Scilly",245,2,44
2020-11-01,"Cornwall and the Isles of Scilly",NA,NA,45
2020-11-02,"Cornwall and the Isles of Scilly",NA,NA,45
2020-11-03,"Cornwall and the Isles of Scilly",NA,NA,45
2020-11-04,"Cornwall and the Isles of Scilly",NA,NA,45
2020-11-05,"Cornwall and the Isles of Scilly",NA,NA,45
2020-11-06,"Cornwall and the Isles of Scilly",NA,NA,45
2020-11-07,"Cornwall and the Isles of Scilly",295,4,45
2020-11-08,"Cornwall and the Isles of Scilly",NA,NA,46
2020-11-09,"Cornwall and the Isles of Scilly",NA,NA,46
2020-11-10,"Cornwall and the Isles of Scilly",NA,NA,46
2020-11-11,"Cornwall and the Isles of Scilly",NA,NA,46
2020-11-12,"Cornwall and the Isles of Scilly",NA,NA,46
2020-11-13,"Cornwall and the Isles of Scilly",NA,NA,46
2020-11-14,"Cornwall and the Isles of Scilly",393,8,46
2020-11-15,"Cornwall and the Isles of Scilly",NA,NA,47
2020-11-16,"Cornwall and the Isles of Scilly",NA,NA,47
2020-11-17,"Cornwall and the Isles of Scilly",NA,NA,47
2020-11-18,"Cornwall and the Isles of Scilly",NA,NA,47
2020-11-19,"Cornwall and the Isles of Scilly",NA,NA,47
2020-11-20,"Cornwall and the Isles of Scilly",NA,NA,47
2020-11-21,"Cornwall and the Isles of Scilly",270,25,47
2020-11-22,"Cornwall and the Isles of Scilly",NA,NA,48
2020-11-23,"Cornwall and the Isles of Scilly",NA,NA,48
2020-11-24,"Cornwall and the Isles of Scilly",NA,NA,48
2020-11-25,"Cornwall and the Isles of Scilly",NA,NA,48
2020-11-26,"Cornwall and the Isles of Scilly",NA,NA,48
2020-11-27,"Cornwall and the Isles of Scilly",NA,NA,48
2020-11-28,"Cornwall and the Isles of Scilly",109,24,48
2020-11-29,"Cornwall and the Isles of Scilly",NA,NA,49
2020-11-30,"Cornwall and the Isles of Scilly",NA,NA,49
2020-12-01,"Cornwall and the Isles of Scilly",NA,NA,49
2020-12-02,"Cornwall and the Isles of Scilly",NA,NA,49
2020-12-03,"Cornwall and the Isles of Scilly",NA,NA,49
2020-12-04,"Cornwall and the Isles of Scilly",NA,NA,49
2020-12-05,"Cornwall and the Isles of Scilly",96,18,49
2020-12-06,"Cornwall and the Isles of Scilly",NA,NA,50
2020-12-07,"Cornwall and the Isles of Scilly",NA,NA,50
2020-12-08,"Cornwall and the Isles of Scilly",NA,NA,50
2020-12-09,"Cornwall and the Isles of Scilly",NA,NA,50
2020-12-10,"Cornwall and the Isles of Scilly",NA,NA,50
2020-12-11,"Cornwall and the Isles of Scilly",NA,NA,50
2020-12-12,"Cornwall and the Isles of Scilly",115,26,50
2020-12-13,"Cornwall and the Isles of Scilly",NA,NA,51
2020-12-14,"Cornwall and the Isles of Scilly",NA,NA,51
2020-12-15,"Cornwall and the Isles of Scilly",NA,NA,51
2020-12-16,"Cornwall and the Isles of Scilly",NA,NA,51
2020-12-17,"Cornwall and the Isles of Scilly",NA,NA,51
2020-12-18,"Cornwall and the Isles of Scilly",NA,NA,51
2020-12-19,"Cornwall and the Isles of Scilly",227,104,51
2020-12-20,"Cornwall and the Isles of Scilly",NA,NA,52
2020-12-21,"Cornwall and the Isles of Scilly",NA,NA,52
2020-12-22,"Cornwall and the Isles of Scilly",NA,NA,52
2020-12-23,"Cornwall and the Isles of Scilly",NA,NA,52
2020-12-24,"Cornwall and the Isles of Scilly",NA,NA,52
2020-12-25,"Cornwall and the Isles of Scilly",NA,NA,52
2020-12-26,"Cornwall and the Isles of Scilly",360,304,52
2020-12-27,"Cornwall and the Isles of Scilly",NA,NA,53
2020-12-28,"Cornwall and the Isles of Scilly",NA,NA,53
2020-12-29,"Cornwall and the Isles of Scilly",NA,NA,53
2020-12-30,"Cornwall and the Isles of Scilly",NA,NA,53
2020-12-31,"Cornwall and the Isles of Scilly",NA,NA,53
2021-01-01,"Cornwall and the Isles of Scilly",NA,NA,53
2021-01-02,"Cornwall and the Isles of Scilly",832,917,53
2021-01-03,"Cornwall and the Isles of Scilly",NA,NA,54
2021-01-04,"Cornwall and the Isles of Scilly",NA,NA,54
2021-01-05,"Cornwall and the Isles of Scilly",NA,NA,54
2021-01-06,"Cornwall and the Isles of Scilly",NA,NA,54
2021-01-07,"Cornwall and the Isles of Scilly",NA,NA,54
2021-01-08,"Cornwall and the Isles of Scilly",NA,NA,54
2021-01-09,"Cornwall and the Isles of Scilly",600,1259,54
2021-01-10,"Cornwall and the Isles of Scilly",NA,NA,55
2021-01-11,"Cornwall and the Isles of Scilly",NA,NA,55
2021-01-12,"Cornwall and the Isles of Scilly",NA,NA,55
2021-01-13,"Cornwall and the Isles of Scilly",NA,NA,55
2021-01-14,"Cornwall and the Isles of Scilly",NA,NA,55
2021-01-15,"Cornwall and the Isles of Scilly",NA,NA,55
2021-01-16,"Cornwall and the Isles of Scilly",244,1050,55
2021-01-17,"Cornwall and the Isles of Scilly",NA,NA,56
2021-01-18,"Cornwall and the Isles of Scilly",NA,NA,56
2021-01-19,"Cornwall and the Isles of Scilly",NA,NA,56
2021-01-20,"Cornwall and the Isles of Scilly",NA,NA,56
2021-01-21,"Cornwall and the Isles of Scilly",NA,NA,56
2021-01-22,"Cornwall and the Isles of Scilly",NA,NA,56
2021-01-23,"Cornwall and the Isles of Scilly",82,740,56
2020-09-26,"Coventry and Warwickshire",NA,NA,39
2020-09-27,"Coventry and Warwickshire",NA,NA,40
2020-09-28,"Coventry and Warwickshire",NA,NA,40
2020-09-29,"Coventry and Warwickshire",NA,NA,40
2020-09-30,"Coventry and Warwickshire",NA,NA,40
2020-10-01,"Coventry and Warwickshire",NA,NA,40
2020-10-02,"Coventry and Warwickshire",NA,NA,40
2020-10-03,"Coventry and Warwickshire",NA,NA,40
2020-10-04,"Coventry and Warwickshire",NA,NA,41
2020-10-05,"Coventry and Warwickshire",NA,NA,41
2020-10-06,"Coventry and Warwickshire",NA,NA,41
2020-10-07,"Coventry and Warwickshire",NA,NA,41
2020-10-08,"Coventry and Warwickshire",NA,NA,41
2020-10-09,"Coventry and Warwickshire",NA,NA,41
2020-10-10,"Coventry and Warwickshire",NA,NA,41
2020-10-11,"Coventry and Warwickshire",NA,NA,42
2020-10-12,"Coventry and Warwickshire",NA,NA,42
2020-10-13,"Coventry and Warwickshire",NA,NA,42
2020-10-14,"Coventry and Warwickshire",NA,NA,42
2020-10-15,"Coventry and Warwickshire",NA,NA,42
2020-10-16,"Coventry and Warwickshire",NA,NA,42
2020-10-17,"Coventry and Warwickshire",NA,NA,42
2020-10-18,"Coventry and Warwickshire",NA,NA,43
2020-10-19,"Coventry and Warwickshire",NA,NA,43
2020-10-20,"Coventry and Warwickshire",NA,NA,43
2020-10-21,"Coventry and Warwickshire",NA,NA,43
2020-10-22,"Coventry and Warwickshire",NA,NA,43
2020-10-23,"Coventry and Warwickshire",NA,NA,43
2020-10-24,"Coventry and Warwickshire",1535,1,43
2020-10-25,"Coventry and Warwickshire",NA,NA,44
2020-10-26,"Coventry and Warwickshire",NA,NA,44
2020-10-27,"Coventry and Warwickshire",NA,NA,44
2020-10-28,"Coventry and Warwickshire",NA,NA,44
2020-10-29,"Coventry and Warwickshire",NA,NA,44
2020-10-30,"Coventry and Warwickshire",NA,NA,44
2020-10-31,"Coventry and Warwickshire",1753,3,44
2020-11-01,"Coventry and Warwickshire",NA,NA,45
2020-11-02,"Coventry and Warwickshire",NA,NA,45
2020-11-03,"Coventry and Warwickshire",NA,NA,45
2020-11-04,"Coventry and Warwickshire",NA,NA,45
2020-11-05,"Coventry and Warwickshire",NA,NA,45
2020-11-06,"Coventry and Warwickshire",NA,NA,45
2020-11-07,"Coventry and Warwickshire",1948,5,45
2020-11-08,"Coventry and Warwickshire",NA,NA,46
2020-11-09,"Coventry and Warwickshire",NA,NA,46
2020-11-10,"Coventry and Warwickshire",NA,NA,46
2020-11-11,"Coventry and Warwickshire",NA,NA,46
2020-11-12,"Coventry and Warwickshire",NA,NA,46
2020-11-13,"Coventry and Warwickshire",NA,NA,46
2020-11-14,"Coventry and Warwickshire",2470,13,46
2020-11-15,"Coventry and Warwickshire",NA,NA,47
2020-11-16,"Coventry and Warwickshire",NA,NA,47
2020-11-17,"Coventry and Warwickshire",NA,NA,47
2020-11-18,"Coventry and Warwickshire",NA,NA,47
2020-11-19,"Coventry and Warwickshire",NA,NA,47
2020-11-20,"Coventry and Warwickshire",NA,NA,47
2020-11-21,"Coventry and Warwickshire",1737,19,47
2020-11-22,"Coventry and Warwickshire",NA,NA,48
2020-11-23,"Coventry and Warwickshire",NA,NA,48
2020-11-24,"Coventry and Warwickshire",NA,NA,48
2020-11-25,"Coventry and Warwickshire",NA,NA,48
2020-11-26,"Coventry and Warwickshire",NA,NA,48
2020-11-27,"Coventry and Warwickshire",NA,NA,48
2020-11-28,"Coventry and Warwickshire",1282,14,48
2020-11-29,"Coventry and Warwickshire",NA,NA,49
2020-11-30,"Coventry and Warwickshire",NA,NA,49
2020-12-01,"Coventry and Warwickshire",NA,NA,49
2020-12-02,"Coventry and Warwickshire",NA,NA,49
2020-12-03,"Coventry and Warwickshire",NA,NA,49
2020-12-04,"Coventry and Warwickshire",NA,NA,49
2020-12-05,"Coventry and Warwickshire",898,100,49
2020-12-06,"Coventry and Warwickshire",NA,NA,50
2020-12-07,"Coventry and Warwickshire",NA,NA,50
2020-12-08,"Coventry and Warwickshire",NA,NA,50
2020-12-09,"Coventry and Warwickshire",NA,NA,50
2020-12-10,"Coventry and Warwickshire",NA,NA,50
2020-12-11,"Coventry and Warwickshire",NA,NA,50
2020-12-12,"Coventry and Warwickshire",1066,231,50
2020-12-13,"Coventry and Warwickshire",NA,NA,51
2020-12-14,"Coventry and Warwickshire",NA,NA,51
2020-12-15,"Coventry and Warwickshire",NA,NA,51
2020-12-16,"Coventry and Warwickshire",NA,NA,51
2020-12-17,"Coventry and Warwickshire",NA,NA,51
2020-12-18,"Coventry and Warwickshire",NA,NA,51
2020-12-19,"Coventry and Warwickshire",1281,577,51
2020-12-20,"Coventry and Warwickshire",NA,NA,52
2020-12-21,"Coventry and Warwickshire",NA,NA,52
2020-12-22,"Coventry and Warwickshire",NA,NA,52
2020-12-23,"Coventry and Warwickshire",NA,NA,52
2020-12-24,"Coventry and Warwickshire",NA,NA,52
2020-12-25,"Coventry and Warwickshire",NA,NA,52
2020-12-26,"Coventry and Warwickshire",1065,1066,52
2020-12-27,"Coventry and Warwickshire",NA,NA,53
2020-12-28,"Coventry and Warwickshire",NA,NA,53
2020-12-29,"Coventry and Warwickshire",NA,NA,53
2020-12-30,"Coventry and Warwickshire",NA,NA,53
2020-12-31,"Coventry and Warwickshire",NA,NA,53
2021-01-01,"Coventry and Warwickshire",NA,NA,53
2021-01-02,"Coventry and Warwickshire",1358,2500,53
2021-01-03,"Coventry and Warwickshire",NA,NA,54
2021-01-04,"Coventry and Warwickshire",NA,NA,54
2021-01-05,"Coventry and Warwickshire",NA,NA,54
2021-01-06,"Coventry and Warwickshire",NA,NA,54
2021-01-07,"Coventry and Warwickshire",NA,NA,54
2021-01-08,"Coventry and Warwickshire",NA,NA,54
2021-01-09,"Coventry and Warwickshire",990,2996,54
2021-01-10,"Coventry and Warwickshire",NA,NA,55
2021-01-11,"Coventry and Warwickshire",NA,NA,55
2021-01-12,"Coventry and Warwickshire",NA,NA,55
2021-01-13,"Coventry and Warwickshire",NA,NA,55
2021-01-14,"Coventry and Warwickshire",NA,NA,55
2021-01-15,"Coventry and Warwickshire",NA,NA,55
2021-01-16,"Coventry and Warwickshire",610,2899,55
2021-01-17,"Coventry and Warwickshire",NA,NA,56
2021-01-18,"Coventry and Warwickshire",NA,NA,56
2021-01-19,"Coventry and Warwickshire",NA,NA,56
2021-01-20,"Coventry and Warwickshire",NA,NA,56
2021-01-21,"Coventry and Warwickshire",NA,NA,56
2021-01-22,"Coventry and Warwickshire",NA,NA,56
2021-01-23,"Coventry and Warwickshire",359,2637,56
2020-09-26,"Cumbria and North East",NA,NA,39
2020-09-27,"Cumbria and North East",NA,NA,40
2020-09-28,"Cumbria and North East",NA,NA,40
2020-09-29,"Cumbria and North East",NA,NA,40
2020-09-30,"Cumbria and North East",NA,NA,40
2020-10-01,"Cumbria and North East",NA,NA,40
2020-10-02,"Cumbria and North East",NA,NA,40
2020-10-03,"Cumbria and North East",NA,NA,40
2020-10-04,"Cumbria and North East",NA,NA,41
2020-10-05,"Cumbria and North East",NA,NA,41
2020-10-06,"Cumbria and North East",NA,NA,41
2020-10-07,"Cumbria and North East",NA,NA,41
2020-10-08,"Cumbria and North East",NA,NA,41
2020-10-09,"Cumbria and North East",NA,NA,41
2020-10-10,"Cumbria and North East",NA,NA,41
2020-10-11,"Cumbria and North East",NA,NA,42
2020-10-12,"Cumbria and North East",NA,NA,42
2020-10-13,"Cumbria and North East",NA,NA,42
2020-10-14,"Cumbria and North East",NA,NA,42
2020-10-15,"Cumbria and North East",NA,NA,42
2020-10-16,"Cumbria and North East",NA,NA,42
2020-10-17,"Cumbria and North East",NA,NA,42
2020-10-18,"Cumbria and North East",NA,NA,43
2020-10-19,"Cumbria and North East",NA,NA,43
2020-10-20,"Cumbria and North East",NA,NA,43
2020-10-21,"Cumbria and North East",NA,NA,43
2020-10-22,"Cumbria and North East",NA,NA,43
2020-10-23,"Cumbria and North East",NA,NA,43
2020-10-24,"Cumbria and North East",7646,2,43
2020-10-25,"Cumbria and North East",NA,NA,44
2020-10-26,"Cumbria and North East",NA,NA,44
2020-10-27,"Cumbria and North East",NA,NA,44
2020-10-28,"Cumbria and North East",NA,NA,44
2020-10-29,"Cumbria and North East",NA,NA,44
2020-10-30,"Cumbria and North East",NA,NA,44
2020-10-31,"Cumbria and North East",7133,8,44
2020-11-01,"Cumbria and North East",NA,NA,45
2020-11-02,"Cumbria and North East",NA,NA,45
2020-11-03,"Cumbria and North East",NA,NA,45
2020-11-04,"Cumbria and North East",NA,NA,45
2020-11-05,"Cumbria and North East",NA,NA,45
2020-11-06,"Cumbria and North East",NA,NA,45
2020-11-07,"Cumbria and North East",9102,24,45
2020-11-08,"Cumbria and North East",NA,NA,46
2020-11-09,"Cumbria and North East",NA,NA,46
2020-11-10,"Cumbria and North East",NA,NA,46
2020-11-11,"Cumbria and North East",NA,NA,46
2020-11-12,"Cumbria and North East",NA,NA,46
2020-11-13,"Cumbria and North East",NA,NA,46
2020-11-14,"Cumbria and North East",10057,69,46
2020-11-15,"Cumbria and North East",NA,NA,47
2020-11-16,"Cumbria and North East",NA,NA,47
2020-11-17,"Cumbria and North East",NA,NA,47
2020-11-18,"Cumbria and North East",NA,NA,47
2020-11-19,"Cumbria and North East",NA,NA,47
2020-11-20,"Cumbria and North East",NA,NA,47
2020-11-21,"Cumbria and North East",7204,127,47
2020-11-22,"Cumbria and North East",NA,NA,48
2020-11-23,"Cumbria and North East",NA,NA,48
2020-11-24,"Cumbria and North East",NA,NA,48
2020-11-25,"Cumbria and North East",NA,NA,48
2020-11-26,"Cumbria and North East",NA,NA,48
2020-11-27,"Cumbria and North East",NA,NA,48
2020-11-28,"Cumbria and North East",4294,163,48
2020-11-29,"Cumbria and North East",NA,NA,49
2020-11-30,"Cumbria and North East",NA,NA,49
2020-12-01,"Cumbria and North East",NA,NA,49
2020-12-02,"Cumbria and North East",NA,NA,49
2020-12-03,"Cumbria and North East",NA,NA,49
2020-12-04,"Cumbria and North East",NA,NA,49
2020-12-05,"Cumbria and North East",3266,293,49
2020-12-06,"Cumbria and North East",NA,NA,50
2020-12-07,"Cumbria and North East",NA,NA,50
2020-12-08,"Cumbria and North East",NA,NA,50
2020-12-09,"Cumbria and North East",NA,NA,50
2020-12-10,"Cumbria and North East",NA,NA,50
2020-12-11,"Cumbria and North East",NA,NA,50
2020-12-12,"Cumbria and North East",3146,703,50
2020-12-13,"Cumbria and North East",NA,NA,51
2020-12-14,"Cumbria and North East",NA,NA,51
2020-12-15,"Cumbria and North East",NA,NA,51
2020-12-16,"Cumbria and North East",NA,NA,51
2020-12-17,"Cumbria and North East",NA,NA,51
2020-12-18,"Cumbria and North East",NA,NA,51
2020-12-19,"Cumbria and North East",3121,1540,51
2020-12-20,"Cumbria and North East",NA,NA,52
2020-12-21,"Cumbria and North East",NA,NA,52
2020-12-22,"Cumbria and North East",NA,NA,52
2020-12-23,"Cumbria and North East",NA,NA,52
2020-12-24,"Cumbria and North East",NA,NA,52
2020-12-25,"Cumbria and North East",NA,NA,52
2020-12-26,"Cumbria and North East",3237,2943,52
2020-12-27,"Cumbria and North East",NA,NA,53
2020-12-28,"Cumbria and North East",NA,NA,53
2020-12-29,"Cumbria and North East",NA,NA,53
2020-12-30,"Cumbria and North East",NA,NA,53
2020-12-31,"Cumbria and North East",NA,NA,53
2021-01-01,"Cumbria and North East",NA,NA,53
2021-01-02,"Cumbria and North East",4758,7636,53
2021-01-03,"Cumbria and North East",NA,NA,54
2021-01-04,"Cumbria and North East",NA,NA,54
2021-01-05,"Cumbria and North East",NA,NA,54
2021-01-06,"Cumbria and North East",NA,NA,54
2021-01-07,"Cumbria and North East",NA,NA,54
2021-01-08,"Cumbria and North East",NA,NA,54
2021-01-09,"Cumbria and North East",3135,8483,54
2021-01-10,"Cumbria and North East",NA,NA,55
2021-01-11,"Cumbria and North East",NA,NA,55
2021-01-12,"Cumbria and North East",NA,NA,55
2021-01-13,"Cumbria and North East",NA,NA,55
2021-01-14,"Cumbria and North East",NA,NA,55
2021-01-15,"Cumbria and North East",NA,NA,55
2021-01-16,"Cumbria and North East",1585,7475,55
2021-01-17,"Cumbria and North East",NA,NA,56
2021-01-18,"Cumbria and North East",NA,NA,56
2021-01-19,"Cumbria and North East",NA,NA,56
2021-01-20,"Cumbria and North East",NA,NA,56
2021-01-21,"Cumbria and North East",NA,NA,56
2021-01-22,"Cumbria and North East",NA,NA,56
2021-01-23,"Cumbria and North East",1019,6538,56
2020-09-26,"Devon",NA,NA,39
2020-09-27,"Devon",NA,NA,40
2020-09-28,"Devon",NA,NA,40
2020-09-29,"Devon",NA,NA,40
2020-09-30,"Devon",NA,NA,40
2020-10-01,"Devon",NA,NA,40
2020-10-02,"Devon",NA,NA,40
2020-10-03,"Devon",NA,NA,40
2020-10-04,"Devon",NA,NA,41
2020-10-05,"Devon",NA,NA,41
2020-10-06,"Devon",NA,NA,41
2020-10-07,"Devon",NA,NA,41
2020-10-08,"Devon",NA,NA,41
2020-10-09,"Devon",NA,NA,41
2020-10-10,"Devon",NA,NA,41
2020-10-11,"Devon",NA,NA,42
2020-10-12,"Devon",NA,NA,42
2020-10-13,"Devon",NA,NA,42
2020-10-14,"Devon",NA,NA,42
2020-10-15,"Devon",NA,NA,42
2020-10-16,"Devon",NA,NA,42
2020-10-17,"Devon",NA,NA,42
2020-10-18,"Devon",NA,NA,43
2020-10-19,"Devon",NA,NA,43
2020-10-20,"Devon",NA,NA,43
2020-10-21,"Devon",NA,NA,43
2020-10-22,"Devon",NA,NA,43
2020-10-23,"Devon",NA,NA,43
2020-10-24,"Devon",1005,4,43
2020-10-25,"Devon",NA,NA,44
2020-10-26,"Devon",NA,NA,44
2020-10-27,"Devon",NA,NA,44
2020-10-28,"Devon",NA,NA,44
2020-10-29,"Devon",NA,NA,44
2020-10-30,"Devon",NA,NA,44
2020-10-31,"Devon",1086,14,44
2020-11-01,"Devon",NA,NA,45
2020-11-02,"Devon",NA,NA,45
2020-11-03,"Devon",NA,NA,45
2020-11-04,"Devon",NA,NA,45
2020-11-05,"Devon",NA,NA,45
2020-11-06,"Devon",NA,NA,45
2020-11-07,"Devon",1312,22,45
2020-11-08,"Devon",NA,NA,46
2020-11-09,"Devon",NA,NA,46
2020-11-10,"Devon",NA,NA,46
2020-11-11,"Devon",NA,NA,46
2020-11-12,"Devon",NA,NA,46
2020-11-13,"Devon",NA,NA,46
2020-11-14,"Devon",1400,49,46
2020-11-15,"Devon",NA,NA,47
2020-11-16,"Devon",NA,NA,47
2020-11-17,"Devon",NA,NA,47
2020-11-18,"Devon",NA,NA,47
2020-11-19,"Devon",NA,NA,47
2020-11-20,"Devon",NA,NA,47
2020-11-21,"Devon",919,38,47
2020-11-22,"Devon",NA,NA,48
2020-11-23,"Devon",NA,NA,48
2020-11-24,"Devon",NA,NA,48
2020-11-25,"Devon",NA,NA,48
2020-11-26,"Devon",NA,NA,48
2020-11-27,"Devon",NA,NA,48
2020-11-28,"Devon",591,46,48
2020-11-29,"Devon",NA,NA,49
2020-11-30,"Devon",NA,NA,49
2020-12-01,"Devon",NA,NA,49
2020-12-02,"Devon",NA,NA,49
2020-12-03,"Devon",NA,NA,49
2020-12-04,"Devon",NA,NA,49
2020-12-05,"Devon",497,36,49
2020-12-06,"Devon",NA,NA,50
2020-12-07,"Devon",NA,NA,50
2020-12-08,"Devon",NA,NA,50
2020-12-09,"Devon",NA,NA,50
2020-12-10,"Devon",NA,NA,50
2020-12-11,"Devon",NA,NA,50
2020-12-12,"Devon",599,64,50
2020-12-13,"Devon",NA,NA,51
2020-12-14,"Devon",NA,NA,51
2020-12-15,"Devon",NA,NA,51
2020-12-16,"Devon",NA,NA,51
2020-12-17,"Devon",NA,NA,51
2020-12-18,"Devon",NA,NA,51
2020-12-19,"Devon",813,222,51
2020-12-20,"Devon",NA,NA,52
2020-12-21,"Devon",NA,NA,52
2020-12-22,"Devon",NA,NA,52
2020-12-23,"Devon",NA,NA,52
2020-12-24,"Devon",NA,NA,52
2020-12-25,"Devon",NA,NA,52
2020-12-26,"Devon",746,430,52
2020-12-27,"Devon",NA,NA,53
2020-12-28,"Devon",NA,NA,53
2020-12-29,"Devon",NA,NA,53
2020-12-30,"Devon",NA,NA,53
2020-12-31,"Devon",NA,NA,53
2021-01-01,"Devon",NA,NA,53
2021-01-02,"Devon",733,1240,53
2021-01-03,"Devon",NA,NA,54
2021-01-04,"Devon",NA,NA,54
2021-01-05,"Devon",NA,NA,54
2021-01-06,"Devon",NA,NA,54
2021-01-07,"Devon",NA,NA,54
2021-01-08,"Devon",NA,NA,54
2021-01-09,"Devon",684,1806,54
2021-01-10,"Devon",NA,NA,55
2021-01-11,"Devon",NA,NA,55
2021-01-12,"Devon",NA,NA,55
2021-01-13,"Devon",NA,NA,55
2021-01-14,"Devon",NA,NA,55
2021-01-15,"Devon",NA,NA,55
2021-01-16,"Devon",368,1879,55
2021-01-17,"Devon",NA,NA,56
2021-01-18,"Devon",NA,NA,56
2021-01-19,"Devon",NA,NA,56
2021-01-20,"Devon",NA,NA,56
2021-01-21,"Devon",NA,NA,56
2021-01-22,"Devon",NA,NA,56
2021-01-23,"Devon",174,1309,56
2020-09-26,"Dorset",NA,NA,39
2020-09-27,"Dorset",NA,NA,40
2020-09-28,"Dorset",NA,NA,40
2020-09-29,"Dorset",NA,NA,40
2020-09-30,"Dorset",NA,NA,40
2020-10-01,"Dorset",NA,NA,40
2020-10-02,"Dorset",NA,NA,40
2020-10-03,"Dorset",NA,NA,40
2020-10-04,"Dorset",NA,NA,41
2020-10-05,"Dorset",NA,NA,41
2020-10-06,"Dorset",NA,NA,41
2020-10-07,"Dorset",NA,NA,41
2020-10-08,"Dorset",NA,NA,41
2020-10-09,"Dorset",NA,NA,41
2020-10-10,"Dorset",NA,NA,41
2020-10-11,"Dorset",NA,NA,42
2020-10-12,"Dorset",NA,NA,42
2020-10-13,"Dorset",NA,NA,42
2020-10-14,"Dorset",NA,NA,42
2020-10-15,"Dorset",NA,NA,42
2020-10-16,"Dorset",NA,NA,42
2020-10-17,"Dorset",NA,NA,42
2020-10-18,"Dorset",NA,NA,43
2020-10-19,"Dorset",NA,NA,43
2020-10-20,"Dorset",NA,NA,43
2020-10-21,"Dorset",NA,NA,43
2020-10-22,"Dorset",NA,NA,43
2020-10-23,"Dorset",NA,NA,43
2020-10-24,"Dorset",1076,1,43
2020-10-25,"Dorset",NA,NA,44
2020-10-26,"Dorset",NA,NA,44
2020-10-27,"Dorset",NA,NA,44
2020-10-28,"Dorset",NA,NA,44
2020-10-29,"Dorset",NA,NA,44
2020-10-30,"Dorset",NA,NA,44
2020-10-31,"Dorset",1085,2,44
2020-11-01,"Dorset",NA,NA,45
2020-11-02,"Dorset",NA,NA,45
2020-11-03,"Dorset",NA,NA,45
2020-11-04,"Dorset",NA,NA,45
2020-11-05,"Dorset",NA,NA,45
2020-11-06,"Dorset",NA,NA,45
2020-11-07,"Dorset",1123,10,45
2020-11-08,"Dorset",NA,NA,46
2020-11-09,"Dorset",NA,NA,46
2020-11-10,"Dorset",NA,NA,46
2020-11-11,"Dorset",NA,NA,46
2020-11-12,"Dorset",NA,NA,46
2020-11-13,"Dorset",NA,NA,46
2020-11-14,"Dorset",1184,7,46
2020-11-15,"Dorset",NA,NA,47
2020-11-16,"Dorset",NA,NA,47
2020-11-17,"Dorset",NA,NA,47
2020-11-18,"Dorset",NA,NA,47
2020-11-19,"Dorset",NA,NA,47
2020-11-20,"Dorset",NA,NA,47
2020-11-21,"Dorset",645,26,47
2020-11-22,"Dorset",NA,NA,48
2020-11-23,"Dorset",NA,NA,48
2020-11-24,"Dorset",NA,NA,48
2020-11-25,"Dorset",NA,NA,48
2020-11-26,"Dorset",NA,NA,48
2020-11-27,"Dorset",NA,NA,48
2020-11-28,"Dorset",368,29,48
2020-11-29,"Dorset",NA,NA,49
2020-11-30,"Dorset",NA,NA,49
2020-12-01,"Dorset",NA,NA,49
2020-12-02,"Dorset",NA,NA,49
2020-12-03,"Dorset",NA,NA,49
2020-12-04,"Dorset",NA,NA,49
2020-12-05,"Dorset",274,29,49
2020-12-06,"Dorset",NA,NA,50
2020-12-07,"Dorset",NA,NA,50
2020-12-08,"Dorset",NA,NA,50
2020-12-09,"Dorset",NA,NA,50
2020-12-10,"Dorset",NA,NA,50
2020-12-11,"Dorset",NA,NA,50
2020-12-12,"Dorset",267,110,50
2020-12-13,"Dorset",NA,NA,51
2020-12-14,"Dorset",NA,NA,51
2020-12-15,"Dorset",NA,NA,51
2020-12-16,"Dorset",NA,NA,51
2020-12-17,"Dorset",NA,NA,51
2020-12-18,"Dorset",NA,NA,51
2020-12-19,"Dorset",506,252,51
2020-12-20,"Dorset",NA,NA,52
2020-12-21,"Dorset",NA,NA,52
2020-12-22,"Dorset",NA,NA,52
2020-12-23,"Dorset",NA,NA,52
2020-12-24,"Dorset",NA,NA,52
2020-12-25,"Dorset",NA,NA,52
2020-12-26,"Dorset",622,748,52
2020-12-27,"Dorset",NA,NA,53
2020-12-28,"Dorset",NA,NA,53
2020-12-29,"Dorset",NA,NA,53
2020-12-30,"Dorset",NA,NA,53
2020-12-31,"Dorset",NA,NA,53
2021-01-01,"Dorset",NA,NA,53
2021-01-02,"Dorset",635,2561,53
2021-01-03,"Dorset",NA,NA,54
2021-01-04,"Dorset",NA,NA,54
2021-01-05,"Dorset",NA,NA,54
2021-01-06,"Dorset",NA,NA,54
2021-01-07,"Dorset",NA,NA,54
2021-01-08,"Dorset",NA,NA,54
2021-01-09,"Dorset",675,3539,54
2021-01-10,"Dorset",NA,NA,55
2021-01-11,"Dorset",NA,NA,55
2021-01-12,"Dorset",NA,NA,55
2021-01-13,"Dorset",NA,NA,55
2021-01-14,"Dorset",NA,NA,55
2021-01-15,"Dorset",NA,NA,55
2021-01-16,"Dorset",528,3040,55
2021-01-17,"Dorset",NA,NA,56
2021-01-18,"Dorset",NA,NA,56
2021-01-19,"Dorset",NA,NA,56
2021-01-20,"Dorset",NA,NA,56
2021-01-21,"Dorset",NA,NA,56
2021-01-22,"Dorset",NA,NA,56
2021-01-23,"Dorset",235,2511,56
2020-09-26,"East London Health and Care Partnership",NA,NA,39
2020-09-27,"East London Health and Care Partnership",NA,NA,40
2020-09-28,"East London Health and Care Partnership",NA,NA,40
2020-09-29,"East London Health and Care Partnership",NA,NA,40
2020-09-30,"East London Health and Care Partnership",NA,NA,40
2020-10-01,"East London Health and Care Partnership",NA,NA,40
2020-10-02,"East London Health and Care Partnership",NA,NA,40
2020-10-03,"East London Health and Care Partnership",NA,NA,40
2020-10-04,"East London Health and Care Partnership",NA,NA,41
2020-10-05,"East London Health and Care Partnership",NA,NA,41
2020-10-06,"East London Health and Care Partnership",NA,NA,41
2020-10-07,"East London Health and Care Partnership",NA,NA,41
2020-10-08,"East London Health and Care Partnership",NA,NA,41
2020-10-09,"East London Health and Care Partnership",NA,NA,41
2020-10-10,"East London Health and Care Partnership",NA,NA,41
2020-10-11,"East London Health and Care Partnership",NA,NA,42
2020-10-12,"East London Health and Care Partnership",NA,NA,42
2020-10-13,"East London Health and Care Partnership",NA,NA,42
2020-10-14,"East London Health and Care Partnership",NA,NA,42
2020-10-15,"East London Health and Care Partnership",NA,NA,42
2020-10-16,"East London Health and Care Partnership",NA,NA,42
2020-10-17,"East London Health and Care Partnership",NA,NA,42
2020-10-18,"East London Health and Care Partnership",NA,NA,43
2020-10-19,"East London Health and Care Partnership",NA,NA,43
2020-10-20,"East London Health and Care Partnership",NA,NA,43
2020-10-21,"East London Health and Care Partnership",NA,NA,43
2020-10-22,"East London Health and Care Partnership",NA,NA,43
2020-10-23,"East London Health and Care Partnership",NA,NA,43
2020-10-24,"East London Health and Care Partnership",3130,31,43
2020-10-25,"East London Health and Care Partnership",NA,NA,44
2020-10-26,"East London Health and Care Partnership",NA,NA,44
2020-10-27,"East London Health and Care Partnership",NA,NA,44
2020-10-28,"East London Health and Care Partnership",NA,NA,44
2020-10-29,"East London Health and Care Partnership",NA,NA,44
2020-10-30,"East London Health and Care Partnership",NA,NA,44
2020-10-31,"East London Health and Care Partnership",3041,106,44
2020-11-01,"East London Health and Care Partnership",NA,NA,45
2020-11-02,"East London Health and Care Partnership",NA,NA,45
2020-11-03,"East London Health and Care Partnership",NA,NA,45
2020-11-04,"East London Health and Care Partnership",NA,NA,45
2020-11-05,"East London Health and Care Partnership",NA,NA,45
2020-11-06,"East London Health and Care Partnership",NA,NA,45
2020-11-07,"East London Health and Care Partnership",3458,258,45
2020-11-08,"East London Health and Care Partnership",NA,NA,46
2020-11-09,"East London Health and Care Partnership",NA,NA,46
2020-11-10,"East London Health and Care Partnership",NA,NA,46
2020-11-11,"East London Health and Care Partnership",NA,NA,46
2020-11-12,"East London Health and Care Partnership",NA,NA,46
2020-11-13,"East London Health and Care Partnership",NA,NA,46
2020-11-14,"East London Health and Care Partnership",3978,611,46
2020-11-15,"East London Health and Care Partnership",NA,NA,47
2020-11-16,"East London Health and Care Partnership",NA,NA,47
2020-11-17,"East London Health and Care Partnership",NA,NA,47
2020-11-18,"East London Health and Care Partnership",NA,NA,47
2020-11-19,"East London Health and Care Partnership",NA,NA,47
2020-11-20,"East London Health and Care Partnership",NA,NA,47
2020-11-21,"East London Health and Care Partnership",3503,887,47
2020-11-22,"East London Health and Care Partnership",NA,NA,48
2020-11-23,"East London Health and Care Partnership",NA,NA,48
2020-11-24,"East London Health and Care Partnership",NA,NA,48
2020-11-25,"East London Health and Care Partnership",NA,NA,48
2020-11-26,"East London Health and Care Partnership",NA,NA,48
2020-11-27,"East London Health and Care Partnership",NA,NA,48
2020-11-28,"East London Health and Care Partnership",2826,1422,48
2020-11-29,"East London Health and Care Partnership",NA,NA,49
2020-11-30,"East London Health and Care Partnership",NA,NA,49
2020-12-01,"East London Health and Care Partnership",NA,NA,49
2020-12-02,"East London Health and Care Partnership",NA,NA,49
2020-12-03,"East London Health and Care Partnership",NA,NA,49
2020-12-04,"East London Health and Care Partnership",NA,NA,49
2020-12-05,"East London Health and Care Partnership",2778,2439,49
2020-12-06,"East London Health and Care Partnership",NA,NA,50
2020-12-07,"East London Health and Care Partnership",NA,NA,50
2020-12-08,"East London Health and Care Partnership",NA,NA,50
2020-12-09,"East London Health and Care Partnership",NA,NA,50
2020-12-10,"East London Health and Care Partnership",NA,NA,50
2020-12-11,"East London Health and Care Partnership",NA,NA,50
2020-12-12,"East London Health and Care Partnership",3077,5757,50
2020-12-13,"East London Health and Care Partnership",NA,NA,51
2020-12-14,"East London Health and Care Partnership",NA,NA,51
2020-12-15,"East London Health and Care Partnership",NA,NA,51
2020-12-16,"East London Health and Care Partnership",NA,NA,51
2020-12-17,"East London Health and Care Partnership",NA,NA,51
2020-12-18,"East London Health and Care Partnership",NA,NA,51
2020-12-19,"East London Health and Care Partnership",3986,13878,51
2020-12-20,"East London Health and Care Partnership",NA,NA,52
2020-12-21,"East London Health and Care Partnership",NA,NA,52
2020-12-22,"East London Health and Care Partnership",NA,NA,52
2020-12-23,"East London Health and Care Partnership",NA,NA,52
2020-12-24,"East London Health and Care Partnership",NA,NA,52
2020-12-25,"East London Health and Care Partnership",NA,NA,52
2020-12-26,"East London Health and Care Partnership",2407,16302,52
2020-12-27,"East London Health and Care Partnership",NA,NA,53
2020-12-28,"East London Health and Care Partnership",NA,NA,53
2020-12-29,"East London Health and Care Partnership",NA,NA,53
2020-12-30,"East London Health and Care Partnership",NA,NA,53
2020-12-31,"East London Health and Care Partnership",NA,NA,53
2021-01-01,"East London Health and Care Partnership",NA,NA,53
2021-01-02,"East London Health and Care Partnership",2168,22705,53
2021-01-03,"East London Health and Care Partnership",NA,NA,54
2021-01-04,"East London Health and Care Partnership",NA,NA,54
2021-01-05,"East London Health and Care Partnership",NA,NA,54
2021-01-06,"East London Health and Care Partnership",NA,NA,54
2021-01-07,"East London Health and Care Partnership",NA,NA,54
2021-01-08,"East London Health and Care Partnership",NA,NA,54
2021-01-09,"East London Health and Care Partnership",1314,21159,54
2021-01-10,"East London Health and Care Partnership",NA,NA,55
2021-01-11,"East London Health and Care Partnership",NA,NA,55
2021-01-12,"East London Health and Care Partnership",NA,NA,55
2021-01-13,"East London Health and Care Partnership",NA,NA,55
2021-01-14,"East London Health and Care Partnership",NA,NA,55
2021-01-15,"East London Health and Care Partnership",NA,NA,55
2021-01-16,"East London Health and Care Partnership",733,13498,55
2021-01-17,"East London Health and Care Partnership",NA,NA,56
2021-01-18,"East London Health and Care Partnership",NA,NA,56
2021-01-19,"East London Health and Care Partnership",NA,NA,56
2021-01-20,"East London Health and Care Partnership",NA,NA,56
2021-01-21,"East London Health and Care Partnership",NA,NA,56
2021-01-22,"East London Health and Care Partnership",NA,NA,56
2021-01-23,"East London Health and Care Partnership",361,8965,56
2020-09-26,"East of England",NA,NA,39
2020-09-27,"East of England",NA,NA,40
2020-09-28,"East of England",NA,NA,40
2020-09-29,"East of England",NA,NA,40
2020-09-30,"East of England",NA,NA,40
2020-10-01,"East of England",NA,NA,40
2020-10-02,"East of England",NA,NA,40
2020-10-03,"East of England",NA,NA,40
2020-10-04,"East of England",NA,NA,41
2020-10-05,"East of England",NA,NA,41
2020-10-06,"East of England",NA,NA,41
2020-10-07,"East of England",NA,NA,41
2020-10-08,"East of England",NA,NA,41
2020-10-09,"East of England",NA,NA,41
2020-10-10,"East of England",NA,NA,41
2020-10-11,"East of England",NA,NA,42
2020-10-12,"East of England",NA,NA,42
2020-10-13,"East of England",NA,NA,42
2020-10-14,"East of England",NA,NA,42
2020-10-15,"East of England",NA,NA,42
2020-10-16,"East of England",NA,NA,42
2020-10-17,"East of England",NA,NA,42
2020-10-18,"East of England",NA,NA,43
2020-10-19,"East of England",NA,NA,43
2020-10-20,"East of England",NA,NA,43
2020-10-21,"East of England",NA,NA,43
2020-10-22,"East of England",NA,NA,43
2020-10-23,"East of England",NA,NA,43
2020-10-24,"East of England",6582,22,43
2020-10-25,"East of England",NA,NA,44
2020-10-26,"East of England",NA,NA,44
2020-10-27,"East of England",NA,NA,44
2020-10-28,"East of England",NA,NA,44
2020-10-29,"East of England",NA,NA,44
2020-10-30,"East of England",NA,NA,44
2020-10-31,"East of England",6846,67,44
2020-11-01,"East of England",NA,NA,45
2020-11-02,"East of England",NA,NA,45
2020-11-03,"East of England",NA,NA,45
2020-11-04,"East of England",NA,NA,45
2020-11-05,"East of England",NA,NA,45
2020-11-06,"East of England",NA,NA,45
2020-11-07,"East of England",8292,222,45
2020-11-08,"East of England",NA,NA,46
2020-11-09,"East of England",NA,NA,46
2020-11-10,"East of England",NA,NA,46
2020-11-11,"East of England",NA,NA,46
2020-11-12,"East of England",NA,NA,46
2020-11-13,"East of England",NA,NA,46
2020-11-14,"East of England",9923,802,46
2020-11-15,"East of England",NA,NA,47
2020-11-16,"East of England",NA,NA,47
2020-11-17,"East of England",NA,NA,47
2020-11-18,"East of England",NA,NA,47
2020-11-19,"East of England",NA,NA,47
2020-11-20,"East of England",NA,NA,47
2020-11-21,"East of England",7426,1244,47
2020-11-22,"East of England",NA,NA,48
2020-11-23,"East of England",NA,NA,48
2020-11-24,"East of England",NA,NA,48
2020-11-25,"East of England",NA,NA,48
2020-11-26,"East of England",NA,NA,48
2020-11-27,"East of England",NA,NA,48
2020-11-28,"East of England",5543,1928,48
2020-11-29,"East of England",NA,NA,49
2020-11-30,"East of England",NA,NA,49
2020-12-01,"East of England",NA,NA,49
2020-12-02,"East of England",NA,NA,49
2020-12-03,"East of England",NA,NA,49
2020-12-04,"East of England",NA,NA,49
2020-12-05,"East of England",5333,3567,49
2020-12-06,"East of England",NA,NA,50
2020-12-07,"East of England",NA,NA,50
2020-12-08,"East of England",NA,NA,50
2020-12-09,"East of England",NA,NA,50
2020-12-10,"East of England",NA,NA,50
2020-12-11,"East of England",NA,NA,50
2020-12-12,"East of England",6170,9278,50
2020-12-13,"East of England",NA,NA,51
2020-12-14,"East of England",NA,NA,51
2020-12-15,"East of England",NA,NA,51
2020-12-16,"East of England",NA,NA,51
2020-12-17,"East of England",NA,NA,51
2020-12-18,"East of England",NA,NA,51
2020-12-19,"East of England",7925,22308,51
2020-12-20,"East of England",NA,NA,52
2020-12-21,"East of England",NA,NA,52
2020-12-22,"East of England",NA,NA,52
2020-12-23,"East of England",NA,NA,52
2020-12-24,"East of England",NA,NA,52
2020-12-25,"East of England",NA,NA,52
2020-12-26,"East of England",6484,30822,52
2020-12-27,"East of England",NA,NA,53
2020-12-28,"East of England",NA,NA,53
2020-12-29,"East of England",NA,NA,53
2020-12-30,"East of England",NA,NA,53
2020-12-31,"East of England",NA,NA,53
2021-01-01,"East of England",NA,NA,53
2021-01-02,"East of England",6898,46894,53
2021-01-03,"East of England",NA,NA,54
2021-01-04,"East of England",NA,NA,54
2021-01-05,"East of England",NA,NA,54
2021-01-06,"East of England",NA,NA,54
2021-01-07,"East of England",NA,NA,54
2021-01-08,"East of England",NA,NA,54
2021-01-09,"East of England",4451,42461,54
2021-01-10,"East of England",NA,NA,55
2021-01-11,"East of England",NA,NA,55
2021-01-12,"East of England",NA,NA,55
2021-01-13,"East of England",NA,NA,55
2021-01-14,"East of England",NA,NA,55
2021-01-15,"East of England",NA,NA,55
2021-01-16,"East of England",2253,31072,55
2021-01-17,"East of England",NA,NA,56
2021-01-18,"East of England",NA,NA,56
2021-01-19,"East of England",NA,NA,56
2021-01-20,"East of England",NA,NA,56
2021-01-21,"East of England",NA,NA,56
2021-01-22,"East of England",NA,NA,56
2021-01-23,"East of England",1443,24176,56
2020-09-26,"Frimley Health",NA,NA,39
2020-09-27,"Frimley Health",NA,NA,40
2020-09-28,"Frimley Health",NA,NA,40
2020-09-29,"Frimley Health",NA,NA,40
2020-09-30,"Frimley Health",NA,NA,40
2020-10-01,"Frimley Health",NA,NA,40
2020-10-02,"Frimley Health",NA,NA,40
2020-10-03,"Frimley Health",NA,NA,40
2020-10-04,"Frimley Health",NA,NA,41
2020-10-05,"Frimley Health",NA,NA,41
2020-10-06,"Frimley Health",NA,NA,41
2020-10-07,"Frimley Health",NA,NA,41
2020-10-08,"Frimley Health",NA,NA,41
2020-10-09,"Frimley Health",NA,NA,41
2020-10-10,"Frimley Health",NA,NA,41
2020-10-11,"Frimley Health",NA,NA,42
2020-10-12,"Frimley Health",NA,NA,42
2020-10-13,"Frimley Health",NA,NA,42
2020-10-14,"Frimley Health",NA,NA,42
2020-10-15,"Frimley Health",NA,NA,42
2020-10-16,"Frimley Health",NA,NA,42
2020-10-17,"Frimley Health",NA,NA,42
2020-10-18,"Frimley Health",NA,NA,43
2020-10-19,"Frimley Health",NA,NA,43
2020-10-20,"Frimley Health",NA,NA,43
2020-10-21,"Frimley Health",NA,NA,43
2020-10-22,"Frimley Health",NA,NA,43
2020-10-23,"Frimley Health",NA,NA,43
2020-10-24,"Frimley Health",1163,5,43
2020-10-25,"Frimley Health",NA,NA,44
2020-10-26,"Frimley Health",NA,NA,44
2020-10-27,"Frimley Health",NA,NA,44
2020-10-28,"Frimley Health",NA,NA,44
2020-10-29,"Frimley Health",NA,NA,44
2020-10-30,"Frimley Health",NA,NA,44
2020-10-31,"Frimley Health",1248,14,44
2020-11-01,"Frimley Health",NA,NA,45
2020-11-02,"Frimley Health",NA,NA,45
2020-11-03,"Frimley Health",NA,NA,45
2020-11-04,"Frimley Health",NA,NA,45
2020-11-05,"Frimley Health",NA,NA,45
2020-11-06,"Frimley Health",NA,NA,45
2020-11-07,"Frimley Health",1481,34,45
2020-11-08,"Frimley Health",NA,NA,46
2020-11-09,"Frimley Health",NA,NA,46
2020-11-10,"Frimley Health",NA,NA,46
2020-11-11,"Frimley Health",NA,NA,46
2020-11-12,"Frimley Health",NA,NA,46
2020-11-13,"Frimley Health",NA,NA,46
2020-11-14,"Frimley Health",1664,121,46
2020-11-15,"Frimley Health",NA,NA,47
2020-11-16,"Frimley Health",NA,NA,47
2020-11-17,"Frimley Health",NA,NA,47
2020-11-18,"Frimley Health",NA,NA,47
2020-11-19,"Frimley Health",NA,NA,47
2020-11-20,"Frimley Health",NA,NA,47
2020-11-21,"Frimley Health",1196,186,47
2020-11-22,"Frimley Health",NA,NA,48
2020-11-23,"Frimley Health",NA,NA,48
2020-11-24,"Frimley Health",NA,NA,48
2020-11-25,"Frimley Health",NA,NA,48
2020-11-26,"Frimley Health",NA,NA,48
2020-11-27,"Frimley Health",NA,NA,48
2020-11-28,"Frimley Health",883,372,48
2020-11-29,"Frimley Health",NA,NA,49
2020-11-30,"Frimley Health",NA,NA,49
2020-12-01,"Frimley Health",NA,NA,49
2020-12-02,"Frimley Health",NA,NA,49
2020-12-03,"Frimley Health",NA,NA,49
2020-12-04,"Frimley Health",NA,NA,49
2020-12-05,"Frimley Health",623,741,49
2020-12-06,"Frimley Health",NA,NA,50
2020-12-07,"Frimley Health",NA,NA,50
2020-12-08,"Frimley Health",NA,NA,50
2020-12-09,"Frimley Health",NA,NA,50
2020-12-10,"Frimley Health",NA,NA,50
2020-12-11,"Frimley Health",NA,NA,50
2020-12-12,"Frimley Health",719,1358,50
2020-12-13,"Frimley Health",NA,NA,51
2020-12-14,"Frimley Health",NA,NA,51
2020-12-15,"Frimley Health",NA,NA,51
2020-12-16,"Frimley Health",NA,NA,51
2020-12-17,"Frimley Health",NA,NA,51
2020-12-18,"Frimley Health",NA,NA,51
2020-12-19,"Frimley Health",990,2519,51
2020-12-20,"Frimley Health",NA,NA,52
2020-12-21,"Frimley Health",NA,NA,52
2020-12-22,"Frimley Health",NA,NA,52
2020-12-23,"Frimley Health",NA,NA,52
2020-12-24,"Frimley Health",NA,NA,52
2020-12-25,"Frimley Health",NA,NA,52
2020-12-26,"Frimley Health",963,4339,52
2020-12-27,"Frimley Health",NA,NA,53
2020-12-28,"Frimley Health",NA,NA,53
2020-12-29,"Frimley Health",NA,NA,53
2020-12-30,"Frimley Health",NA,NA,53
2020-12-31,"Frimley Health",NA,NA,53
2021-01-01,"Frimley Health",NA,NA,53
2021-01-02,"Frimley Health",779,7079,53
2021-01-03,"Frimley Health",NA,NA,54
2021-01-04,"Frimley Health",NA,NA,54
2021-01-05,"Frimley Health",NA,NA,54
2021-01-06,"Frimley Health",NA,NA,54
2021-01-07,"Frimley Health",NA,NA,54
2021-01-08,"Frimley Health",NA,NA,54
2021-01-09,"Frimley Health",501,6627,54
2021-01-10,"Frimley Health",NA,NA,55
2021-01-11,"Frimley Health",NA,NA,55
2021-01-12,"Frimley Health",NA,NA,55
2021-01-13,"Frimley Health",NA,NA,55
2021-01-14,"Frimley Health",NA,NA,55
2021-01-15,"Frimley Health",NA,NA,55
2021-01-16,"Frimley Health",292,4727,55
2021-01-17,"Frimley Health",NA,NA,56
2021-01-18,"Frimley Health",NA,NA,56
2021-01-19,"Frimley Health",NA,NA,56
2021-01-20,"Frimley Health",NA,NA,56
2021-01-21,"Frimley Health",NA,NA,56
2021-01-22,"Frimley Health",NA,NA,56
2021-01-23,"Frimley Health",176,3410,56
2020-09-26,"Gloucestershire",NA,NA,39
2020-09-27,"Gloucestershire",NA,NA,40
2020-09-28,"Gloucestershire",NA,NA,40
2020-09-29,"Gloucestershire",NA,NA,40
2020-09-30,"Gloucestershire",NA,NA,40
2020-10-01,"Gloucestershire",NA,NA,40
2020-10-02,"Gloucestershire",NA,NA,40
2020-10-03,"Gloucestershire",NA,NA,40
2020-10-04,"Gloucestershire",NA,NA,41
2020-10-05,"Gloucestershire",NA,NA,41
2020-10-06,"Gloucestershire",NA,NA,41
2020-10-07,"Gloucestershire",NA,NA,41
2020-10-08,"Gloucestershire",NA,NA,41
2020-10-09,"Gloucestershire",NA,NA,41
2020-10-10,"Gloucestershire",NA,NA,41
2020-10-11,"Gloucestershire",NA,NA,42
2020-10-12,"Gloucestershire",NA,NA,42
2020-10-13,"Gloucestershire",NA,NA,42
2020-10-14,"Gloucestershire",NA,NA,42
2020-10-15,"Gloucestershire",NA,NA,42
2020-10-16,"Gloucestershire",NA,NA,42
2020-10-17,"Gloucestershire",NA,NA,42
2020-10-18,"Gloucestershire",NA,NA,43
2020-10-19,"Gloucestershire",NA,NA,43
2020-10-20,"Gloucestershire",NA,NA,43
2020-10-21,"Gloucestershire",NA,NA,43
2020-10-22,"Gloucestershire",NA,NA,43
2020-10-23,"Gloucestershire",NA,NA,43
2020-10-24,"Gloucestershire",418,3,43
2020-10-25,"Gloucestershire",NA,NA,44
2020-10-26,"Gloucestershire",NA,NA,44
2020-10-27,"Gloucestershire",NA,NA,44
2020-10-28,"Gloucestershire",NA,NA,44
2020-10-29,"Gloucestershire",NA,NA,44
2020-10-30,"Gloucestershire",NA,NA,44
2020-10-31,"Gloucestershire",657,8,44
2020-11-01,"Gloucestershire",NA,NA,45
2020-11-02,"Gloucestershire",NA,NA,45
2020-11-03,"Gloucestershire",NA,NA,45
2020-11-04,"Gloucestershire",NA,NA,45
2020-11-05,"Gloucestershire",NA,NA,45
2020-11-06,"Gloucestershire",NA,NA,45
2020-11-07,"Gloucestershire",754,4,45
2020-11-08,"Gloucestershire",NA,NA,46
2020-11-09,"Gloucestershire",NA,NA,46
2020-11-10,"Gloucestershire",NA,NA,46
2020-11-11,"Gloucestershire",NA,NA,46
2020-11-12,"Gloucestershire",NA,NA,46
2020-11-13,"Gloucestershire",NA,NA,46
2020-11-14,"Gloucestershire",873,17,46
2020-11-15,"Gloucestershire",NA,NA,47
2020-11-16,"Gloucestershire",NA,NA,47
2020-11-17,"Gloucestershire",NA,NA,47
2020-11-18,"Gloucestershire",NA,NA,47
2020-11-19,"Gloucestershire",NA,NA,47
2020-11-20,"Gloucestershire",NA,NA,47
2020-11-21,"Gloucestershire",736,12,47
2020-11-22,"Gloucestershire",NA,NA,48
2020-11-23,"Gloucestershire",NA,NA,48
2020-11-24,"Gloucestershire",NA,NA,48
2020-11-25,"Gloucestershire",NA,NA,48
2020-11-26,"Gloucestershire",NA,NA,48
2020-11-27,"Gloucestershire",NA,NA,48
2020-11-28,"Gloucestershire",533,10,48
2020-11-29,"Gloucestershire",NA,NA,49
2020-11-30,"Gloucestershire",NA,NA,49
2020-12-01,"Gloucestershire",NA,NA,49
2020-12-02,"Gloucestershire",NA,NA,49
2020-12-03,"Gloucestershire",NA,NA,49
2020-12-04,"Gloucestershire",NA,NA,49
2020-12-05,"Gloucestershire",443,42,49
2020-12-06,"Gloucestershire",NA,NA,50
2020-12-07,"Gloucestershire",NA,NA,50
2020-12-08,"Gloucestershire",NA,NA,50
2020-12-09,"Gloucestershire",NA,NA,50
2020-12-10,"Gloucestershire",NA,NA,50
2020-12-11,"Gloucestershire",NA,NA,50
2020-12-12,"Gloucestershire",587,81,50
2020-12-13,"Gloucestershire",NA,NA,51
2020-12-14,"Gloucestershire",NA,NA,51
2020-12-15,"Gloucestershire",NA,NA,51
2020-12-16,"Gloucestershire",NA,NA,51
2020-12-17,"Gloucestershire",NA,NA,51
2020-12-18,"Gloucestershire",NA,NA,51
2020-12-19,"Gloucestershire",705,212,51
2020-12-20,"Gloucestershire",NA,NA,52
2020-12-21,"Gloucestershire",NA,NA,52
2020-12-22,"Gloucestershire",NA,NA,52
2020-12-23,"Gloucestershire",NA,NA,52
2020-12-24,"Gloucestershire",NA,NA,52
2020-12-25,"Gloucestershire",NA,NA,52
2020-12-26,"Gloucestershire",696,499,52
2020-12-27,"Gloucestershire",NA,NA,53
2020-12-28,"Gloucestershire",NA,NA,53
2020-12-29,"Gloucestershire",NA,NA,53
2020-12-30,"Gloucestershire",NA,NA,53
2020-12-31,"Gloucestershire",NA,NA,53
2021-01-01,"Gloucestershire",NA,NA,53
2021-01-02,"Gloucestershire",870,1170,53
2021-01-03,"Gloucestershire",NA,NA,54
2021-01-04,"Gloucestershire",NA,NA,54
2021-01-05,"Gloucestershire",NA,NA,54
2021-01-06,"Gloucestershire",NA,NA,54
2021-01-07,"Gloucestershire",NA,NA,54
2021-01-08,"Gloucestershire",NA,NA,54
2021-01-09,"Gloucestershire",659,1203,54
2021-01-10,"Gloucestershire",NA,NA,55
2021-01-11,"Gloucestershire",NA,NA,55
2021-01-12,"Gloucestershire",NA,NA,55
2021-01-13,"Gloucestershire",NA,NA,55
2021-01-14,"Gloucestershire",NA,NA,55
2021-01-15,"Gloucestershire",NA,NA,55
2021-01-16,"Gloucestershire",311,1081,55
2021-01-17,"Gloucestershire",NA,NA,56
2021-01-18,"Gloucestershire",NA,NA,56
2021-01-19,"Gloucestershire",NA,NA,56
2021-01-20,"Gloucestershire",NA,NA,56
2021-01-21,"Gloucestershire",NA,NA,56
2021-01-22,"Gloucestershire",NA,NA,56
2021-01-23,"Gloucestershire",173,943,56
2020-09-26,"Greater Manchester Health and Social Care Partnership",NA,NA,39
2020-09-27,"Greater Manchester Health and Social Care Partnership",NA,NA,40
2020-09-28,"Greater Manchester Health and Social Care Partnership",NA,NA,40
2020-09-29,"Greater Manchester Health and Social Care Partnership",NA,NA,40
2020-09-30,"Greater Manchester Health and Social Care Partnership",NA,NA,40
2020-10-01,"Greater Manchester Health and Social Care Partnership",NA,NA,40
2020-10-02,"Greater Manchester Health and Social Care Partnership",NA,NA,40
2020-10-03,"Greater Manchester Health and Social Care Partnership",NA,NA,40
2020-10-04,"Greater Manchester Health and Social Care Partnership",NA,NA,41
2020-10-05,"Greater Manchester Health and Social Care Partnership",NA,NA,41
2020-10-06,"Greater Manchester Health and Social Care Partnership",NA,NA,41
2020-10-07,"Greater Manchester Health and Social Care Partnership",NA,NA,41
2020-10-08,"Greater Manchester Health and Social Care Partnership",NA,NA,41
2020-10-09,"Greater Manchester Health and Social Care Partnership",NA,NA,41
2020-10-10,"Greater Manchester Health and Social Care Partnership",NA,NA,41
2020-10-11,"Greater Manchester Health and Social Care Partnership",NA,NA,42
2020-10-12,"Greater Manchester Health and Social Care Partnership",NA,NA,42
2020-10-13,"Greater Manchester Health and Social Care Partnership",NA,NA,42
2020-10-14,"Greater Manchester Health and Social Care Partnership",NA,NA,42
2020-10-15,"Greater Manchester Health and Social Care Partnership",NA,NA,42
2020-10-16,"Greater Manchester Health and Social Care Partnership",NA,NA,42
2020-10-17,"Greater Manchester Health and Social Care Partnership",NA,NA,42
2020-10-18,"Greater Manchester Health and Social Care Partnership",NA,NA,43
2020-10-19,"Greater Manchester Health and Social Care Partnership",NA,NA,43
2020-10-20,"Greater Manchester Health and Social Care Partnership",NA,NA,43
2020-10-21,"Greater Manchester Health and Social Care Partnership",NA,NA,43
2020-10-22,"Greater Manchester Health and Social Care Partnership",NA,NA,43
2020-10-23,"Greater Manchester Health and Social Care Partnership",NA,NA,43
2020-10-24,"Greater Manchester Health and Social Care Partnership",14359,6,43
2020-10-25,"Greater Manchester Health and Social Care Partnership",NA,NA,44
2020-10-26,"Greater Manchester Health and Social Care Partnership",NA,NA,44
2020-10-27,"Greater Manchester Health and Social Care Partnership",NA,NA,44
2020-10-28,"Greater Manchester Health and Social Care Partnership",NA,NA,44
2020-10-29,"Greater Manchester Health and Social Care Partnership",NA,NA,44
2020-10-30,"Greater Manchester Health and Social Care Partnership",NA,NA,44
2020-10-31,"Greater Manchester Health and Social Care Partnership",14595,15,44
2020-11-01,"Greater Manchester Health and Social Care Partnership",NA,NA,45
2020-11-02,"Greater Manchester Health and Social Care Partnership",NA,NA,45
2020-11-03,"Greater Manchester Health and Social Care Partnership",NA,NA,45
2020-11-04,"Greater Manchester Health and Social Care Partnership",NA,NA,45
2020-11-05,"Greater Manchester Health and Social Care Partnership",NA,NA,45
2020-11-06,"Greater Manchester Health and Social Care Partnership",NA,NA,45
2020-11-07,"Greater Manchester Health and Social Care Partnership",13447,29,45
2020-11-08,"Greater Manchester Health and Social Care Partnership",NA,NA,46
2020-11-09,"Greater Manchester Health and Social Care Partnership",NA,NA,46
2020-11-10,"Greater Manchester Health and Social Care Partnership",NA,NA,46
2020-11-11,"Greater Manchester Health and Social Care Partnership",NA,NA,46
2020-11-12,"Greater Manchester Health and Social Care Partnership",NA,NA,46
2020-11-13,"Greater Manchester Health and Social Care Partnership",NA,NA,46
2020-11-14,"Greater Manchester Health and Social Care Partnership",11043,37,46
2020-11-15,"Greater Manchester Health and Social Care Partnership",NA,NA,47
2020-11-16,"Greater Manchester Health and Social Care Partnership",NA,NA,47
2020-11-17,"Greater Manchester Health and Social Care Partnership",NA,NA,47
2020-11-18,"Greater Manchester Health and Social Care Partnership",NA,NA,47
2020-11-19,"Greater Manchester Health and Social Care Partnership",NA,NA,47
2020-11-20,"Greater Manchester Health and Social Care Partnership",NA,NA,47
2020-11-21,"Greater Manchester Health and Social Care Partnership",7101,47,47
2020-11-22,"Greater Manchester Health and Social Care Partnership",NA,NA,48
2020-11-23,"Greater Manchester Health and Social Care Partnership",NA,NA,48
2020-11-24,"Greater Manchester Health and Social Care Partnership",NA,NA,48
2020-11-25,"Greater Manchester Health and Social Care Partnership",NA,NA,48
2020-11-26,"Greater Manchester Health and Social Care Partnership",NA,NA,48
2020-11-27,"Greater Manchester Health and Social Care Partnership",NA,NA,48
2020-11-28,"Greater Manchester Health and Social Care Partnership",4766,66,48
2020-11-29,"Greater Manchester Health and Social Care Partnership",NA,NA,49
2020-11-30,"Greater Manchester Health and Social Care Partnership",NA,NA,49
2020-12-01,"Greater Manchester Health and Social Care Partnership",NA,NA,49
2020-12-02,"Greater Manchester Health and Social Care Partnership",NA,NA,49
2020-12-03,"Greater Manchester Health and Social Care Partnership",NA,NA,49
2020-12-04,"Greater Manchester Health and Social Care Partnership",NA,NA,49
2020-12-05,"Greater Manchester Health and Social Care Partnership",3852,114,49
2020-12-06,"Greater Manchester Health and Social Care Partnership",NA,NA,50
2020-12-07,"Greater Manchester Health and Social Care Partnership",NA,NA,50
2020-12-08,"Greater Manchester Health and Social Care Partnership",NA,NA,50
2020-12-09,"Greater Manchester Health and Social Care Partnership",NA,NA,50
2020-12-10,"Greater Manchester Health and Social Care Partnership",NA,NA,50
2020-12-11,"Greater Manchester Health and Social Care Partnership",NA,NA,50
2020-12-12,"Greater Manchester Health and Social Care Partnership",3681,253,50
2020-12-13,"Greater Manchester Health and Social Care Partnership",NA,NA,51
2020-12-14,"Greater Manchester Health and Social Care Partnership",NA,NA,51
2020-12-15,"Greater Manchester Health and Social Care Partnership",NA,NA,51
2020-12-16,"Greater Manchester Health and Social Care Partnership",NA,NA,51
2020-12-17,"Greater Manchester Health and Social Care Partnership",NA,NA,51
2020-12-18,"Greater Manchester Health and Social Care Partnership",NA,NA,51
2020-12-19,"Greater Manchester Health and Social Care Partnership",3668,666,51
2020-12-20,"Greater Manchester Health and Social Care Partnership",NA,NA,52
2020-12-21,"Greater Manchester Health and Social Care Partnership",NA,NA,52
2020-12-22,"Greater Manchester Health and Social Care Partnership",NA,NA,52
2020-12-23,"Greater Manchester Health and Social Care Partnership",NA,NA,52
2020-12-24,"Greater Manchester Health and Social Care Partnership",NA,NA,52
2020-12-25,"Greater Manchester Health and Social Care Partnership",NA,NA,52
2020-12-26,"Greater Manchester Health and Social Care Partnership",3531,1806,52
2020-12-27,"Greater Manchester Health and Social Care Partnership",NA,NA,53
2020-12-28,"Greater Manchester Health and Social Care Partnership",NA,NA,53
2020-12-29,"Greater Manchester Health and Social Care Partnership",NA,NA,53
2020-12-30,"Greater Manchester Health and Social Care Partnership",NA,NA,53
2020-12-31,"Greater Manchester Health and Social Care Partnership",NA,NA,53
2021-01-01,"Greater Manchester Health and Social Care Partnership",NA,NA,53
2021-01-02,"Greater Manchester Health and Social Care Partnership",4458,5057,53
2021-01-03,"Greater Manchester Health and Social Care Partnership",NA,NA,54
2021-01-04,"Greater Manchester Health and Social Care Partnership",NA,NA,54
2021-01-05,"Greater Manchester Health and Social Care Partnership",NA,NA,54
2021-01-06,"Greater Manchester Health and Social Care Partnership",NA,NA,54
2021-01-07,"Greater Manchester Health and Social Care Partnership",NA,NA,54
2021-01-08,"Greater Manchester Health and Social Care Partnership",NA,NA,54
2021-01-09,"Greater Manchester Health and Social Care Partnership",3724,8193,54
2021-01-10,"Greater Manchester Health and Social Care Partnership",NA,NA,55
2021-01-11,"Greater Manchester Health and Social Care Partnership",NA,NA,55
2021-01-12,"Greater Manchester Health and Social Care Partnership",NA,NA,55
2021-01-13,"Greater Manchester Health and Social Care Partnership",NA,NA,55
2021-01-14,"Greater Manchester Health and Social Care Partnership",NA,NA,55
2021-01-15,"Greater Manchester Health and Social Care Partnership",NA,NA,55
2021-01-16,"Greater Manchester Health and Social Care Partnership",2146,8104,55
2021-01-17,"Greater Manchester Health and Social Care Partnership",NA,NA,56
2021-01-18,"Greater Manchester Health and Social Care Partnership",NA,NA,56
2021-01-19,"Greater Manchester Health and Social Care Partnership",NA,NA,56
2021-01-20,"Greater Manchester Health and Social Care Partnership",NA,NA,56
2021-01-21,"Greater Manchester Health and Social Care Partnership",NA,NA,56
2021-01-22,"Greater Manchester Health and Social Care Partnership",NA,NA,56
2021-01-23,"Greater Manchester Health and Social Care Partnership",1113,7014,56
2020-09-26,"Hampshire and the Isle of Wight",NA,NA,39
2020-09-27,"Hampshire and the Isle of Wight",NA,NA,40
2020-09-28,"Hampshire and the Isle of Wight",NA,NA,40
2020-09-29,"Hampshire and the Isle of Wight",NA,NA,40
2020-09-30,"Hampshire and the Isle of Wight",NA,NA,40
2020-10-01,"Hampshire and the Isle of Wight",NA,NA,40
2020-10-02,"Hampshire and the Isle of Wight",NA,NA,40
2020-10-03,"Hampshire and the Isle of Wight",NA,NA,40
2020-10-04,"Hampshire and the Isle of Wight",NA,NA,41
2020-10-05,"Hampshire and the Isle of Wight",NA,NA,41
2020-10-06,"Hampshire and the Isle of Wight",NA,NA,41
2020-10-07,"Hampshire and the Isle of Wight",NA,NA,41
2020-10-08,"Hampshire and the Isle of Wight",NA,NA,41
2020-10-09,"Hampshire and the Isle of Wight",NA,NA,41
2020-10-10,"Hampshire and the Isle of Wight",NA,NA,41
2020-10-11,"Hampshire and the Isle of Wight",NA,NA,42
2020-10-12,"Hampshire and the Isle of Wight",NA,NA,42
2020-10-13,"Hampshire and the Isle of Wight",NA,NA,42
2020-10-14,"Hampshire and the Isle of Wight",NA,NA,42
2020-10-15,"Hampshire and the Isle of Wight",NA,NA,42
2020-10-16,"Hampshire and the Isle of Wight",NA,NA,42
2020-10-17,"Hampshire and the Isle of Wight",NA,NA,42
2020-10-18,"Hampshire and the Isle of Wight",NA,NA,43
2020-10-19,"Hampshire and the Isle of Wight",NA,NA,43
2020-10-20,"Hampshire and the Isle of Wight",NA,NA,43
2020-10-21,"Hampshire and the Isle of Wight",NA,NA,43
2020-10-22,"Hampshire and the Isle of Wight",NA,NA,43
2020-10-23,"Hampshire and the Isle of Wight",NA,NA,43
2020-10-24,"Hampshire and the Isle of Wight",1730,4,43
2020-10-25,"Hampshire and the Isle of Wight",NA,NA,44
2020-10-26,"Hampshire and the Isle of Wight",NA,NA,44
2020-10-27,"Hampshire and the Isle of Wight",NA,NA,44
2020-10-28,"Hampshire and the Isle of Wight",NA,NA,44
2020-10-29,"Hampshire and the Isle of Wight",NA,NA,44
2020-10-30,"Hampshire and the Isle of Wight",NA,NA,44
2020-10-31,"Hampshire and the Isle of Wight",2078,11,44
2020-11-01,"Hampshire and the Isle of Wight",NA,NA,45
2020-11-02,"Hampshire and the Isle of Wight",NA,NA,45
2020-11-03,"Hampshire and the Isle of Wight",NA,NA,45
2020-11-04,"Hampshire and the Isle of Wight",NA,NA,45
2020-11-05,"Hampshire and the Isle of Wight",NA,NA,45
2020-11-06,"Hampshire and the Isle of Wight",NA,NA,45
2020-11-07,"Hampshire and the Isle of Wight",2252,42,45
2020-11-08,"Hampshire and the Isle of Wight",NA,NA,46
2020-11-09,"Hampshire and the Isle of Wight",NA,NA,46
2020-11-10,"Hampshire and the Isle of Wight",NA,NA,46
2020-11-11,"Hampshire and the Isle of Wight",NA,NA,46
2020-11-12,"Hampshire and the Isle of Wight",NA,NA,46
2020-11-13,"Hampshire and the Isle of Wight",NA,NA,46
2020-11-14,"Hampshire and the Isle of Wight",2786,132,46
2020-11-15,"Hampshire and the Isle of Wight",NA,NA,47
2020-11-16,"Hampshire and the Isle of Wight",NA,NA,47
2020-11-17,"Hampshire and the Isle of Wight",NA,NA,47
2020-11-18,"Hampshire and the Isle of Wight",NA,NA,47
2020-11-19,"Hampshire and the Isle of Wight",NA,NA,47
2020-11-20,"Hampshire and the Isle of Wight",NA,NA,47
2020-11-21,"Hampshire and the Isle of Wight",1772,119,47
2020-11-22,"Hampshire and the Isle of Wight",NA,NA,48
2020-11-23,"Hampshire and the Isle of Wight",NA,NA,48
2020-11-24,"Hampshire and the Isle of Wight",NA,NA,48
2020-11-25,"Hampshire and the Isle of Wight",NA,NA,48
2020-11-26,"Hampshire and the Isle of Wight",NA,NA,48
2020-11-27,"Hampshire and the Isle of Wight",NA,NA,48
2020-11-28,"Hampshire and the Isle of Wight",1030,155,48
2020-11-29,"Hampshire and the Isle of Wight",NA,NA,49
2020-11-30,"Hampshire and the Isle of Wight",NA,NA,49
2020-12-01,"Hampshire and the Isle of Wight",NA,NA,49
2020-12-02,"Hampshire and the Isle of Wight",NA,NA,49
2020-12-03,"Hampshire and the Isle of Wight",NA,NA,49
2020-12-04,"Hampshire and the Isle of Wight",NA,NA,49
2020-12-05,"Hampshire and the Isle of Wight",828,297,49
2020-12-06,"Hampshire and the Isle of Wight",NA,NA,50
2020-12-07,"Hampshire and the Isle of Wight",NA,NA,50
2020-12-08,"Hampshire and the Isle of Wight",NA,NA,50
2020-12-09,"Hampshire and the Isle of Wight",NA,NA,50
2020-12-10,"Hampshire and the Isle of Wight",NA,NA,50
2020-12-11,"Hampshire and the Isle of Wight",NA,NA,50
2020-12-12,"Hampshire and the Isle of Wight",822,815,50
2020-12-13,"Hampshire and the Isle of Wight",NA,NA,51
2020-12-14,"Hampshire and the Isle of Wight",NA,NA,51
2020-12-15,"Hampshire and the Isle of Wight",NA,NA,51
2020-12-16,"Hampshire and the Isle of Wight",NA,NA,51
2020-12-17,"Hampshire and the Isle of Wight",NA,NA,51
2020-12-18,"Hampshire and the Isle of Wight",NA,NA,51
2020-12-19,"Hampshire and the Isle of Wight",1399,1726,51
2020-12-20,"Hampshire and the Isle of Wight",NA,NA,52
2020-12-21,"Hampshire and the Isle of Wight",NA,NA,52
2020-12-22,"Hampshire and the Isle of Wight",NA,NA,52
2020-12-23,"Hampshire and the Isle of Wight",NA,NA,52
2020-12-24,"Hampshire and the Isle of Wight",NA,NA,52
2020-12-25,"Hampshire and the Isle of Wight",NA,NA,52
2020-12-26,"Hampshire and the Isle of Wight",1388,3494,52
2020-12-27,"Hampshire and the Isle of Wight",NA,NA,53
2020-12-28,"Hampshire and the Isle of Wight",NA,NA,53
2020-12-29,"Hampshire and the Isle of Wight",NA,NA,53
2020-12-30,"Hampshire and the Isle of Wight",NA,NA,53
2020-12-31,"Hampshire and the Isle of Wight",NA,NA,53
2021-01-01,"Hampshire and the Isle of Wight",NA,NA,53
2021-01-02,"Hampshire and the Isle of Wight",1506,7645,53
2021-01-03,"Hampshire and the Isle of Wight",NA,NA,54
2021-01-04,"Hampshire and the Isle of Wight",NA,NA,54
2021-01-05,"Hampshire and the Isle of Wight",NA,NA,54
2021-01-06,"Hampshire and the Isle of Wight",NA,NA,54
2021-01-07,"Hampshire and the Isle of Wight",NA,NA,54
2021-01-08,"Hampshire and the Isle of Wight",NA,NA,54
2021-01-09,"Hampshire and the Isle of Wight",858,8172,54
2021-01-10,"Hampshire and the Isle of Wight",NA,NA,55
2021-01-11,"Hampshire and the Isle of Wight",NA,NA,55
2021-01-12,"Hampshire and the Isle of Wight",NA,NA,55
2021-01-13,"Hampshire and the Isle of Wight",NA,NA,55
2021-01-14,"Hampshire and the Isle of Wight",NA,NA,55
2021-01-15,"Hampshire and the Isle of Wight",NA,NA,55
2021-01-16,"Hampshire and the Isle of Wight",498,6411,55
2021-01-17,"Hampshire and the Isle of Wight",NA,NA,56
2021-01-18,"Hampshire and the Isle of Wight",NA,NA,56
2021-01-19,"Hampshire and the Isle of Wight",NA,NA,56
2021-01-20,"Hampshire and the Isle of Wight",NA,NA,56
2021-01-21,"Hampshire and the Isle of Wight",NA,NA,56
2021-01-22,"Hampshire and the Isle of Wight",NA,NA,56
2021-01-23,"Hampshire and the Isle of Wight",356,4713,56
2020-09-26,"Healthier Lancashire and South Cumbria",NA,NA,39
2020-09-27,"Healthier Lancashire and South Cumbria",NA,NA,40
2020-09-28,"Healthier Lancashire and South Cumbria",NA,NA,40
2020-09-29,"Healthier Lancashire and South Cumbria",NA,NA,40
2020-09-30,"Healthier Lancashire and South Cumbria",NA,NA,40
2020-10-01,"Healthier Lancashire and South Cumbria",NA,NA,40
2020-10-02,"Healthier Lancashire and South Cumbria",NA,NA,40
2020-10-03,"Healthier Lancashire and South Cumbria",NA,NA,40
2020-10-04,"Healthier Lancashire and South Cumbria",NA,NA,41
2020-10-05,"Healthier Lancashire and South Cumbria",NA,NA,41
2020-10-06,"Healthier Lancashire and South Cumbria",NA,NA,41
2020-10-07,"Healthier Lancashire and South Cumbria",NA,NA,41
2020-10-08,"Healthier Lancashire and South Cumbria",NA,NA,41
2020-10-09,"Healthier Lancashire and South Cumbria",NA,NA,41
2020-10-10,"Healthier Lancashire and South Cumbria",NA,NA,41
2020-10-11,"Healthier Lancashire and South Cumbria",NA,NA,42
2020-10-12,"Healthier Lancashire and South Cumbria",NA,NA,42
2020-10-13,"Healthier Lancashire and South Cumbria",NA,NA,42
2020-10-14,"Healthier Lancashire and South Cumbria",NA,NA,42
2020-10-15,"Healthier Lancashire and South Cumbria",NA,NA,42
2020-10-16,"Healthier Lancashire and South Cumbria",NA,NA,42
2020-10-17,"Healthier Lancashire and South Cumbria",NA,NA,42
2020-10-18,"Healthier Lancashire and South Cumbria",NA,NA,43
2020-10-19,"Healthier Lancashire and South Cumbria",NA,NA,43
2020-10-20,"Healthier Lancashire and South Cumbria",NA,NA,43
2020-10-21,"Healthier Lancashire and South Cumbria",NA,NA,43
2020-10-22,"Healthier Lancashire and South Cumbria",NA,NA,43
2020-10-23,"Healthier Lancashire and South Cumbria",NA,NA,43
2020-10-24,"Healthier Lancashire and South Cumbria",7048,3,43
2020-10-25,"Healthier Lancashire and South Cumbria",NA,NA,44
2020-10-26,"Healthier Lancashire and South Cumbria",NA,NA,44
2020-10-27,"Healthier Lancashire and South Cumbria",NA,NA,44
2020-10-28,"Healthier Lancashire and South Cumbria",NA,NA,44
2020-10-29,"Healthier Lancashire and South Cumbria",NA,NA,44
2020-10-30,"Healthier Lancashire and South Cumbria",NA,NA,44
2020-10-31,"Healthier Lancashire and South Cumbria",5799,6,44
2020-11-01,"Healthier Lancashire and South Cumbria",NA,NA,45
2020-11-02,"Healthier Lancashire and South Cumbria",NA,NA,45
2020-11-03,"Healthier Lancashire and South Cumbria",NA,NA,45
2020-11-04,"Healthier Lancashire and South Cumbria",NA,NA,45
2020-11-05,"Healthier Lancashire and South Cumbria",NA,NA,45
2020-11-06,"Healthier Lancashire and South Cumbria",NA,NA,45
2020-11-07,"Healthier Lancashire and South Cumbria",5393,18,45
2020-11-08,"Healthier Lancashire and South Cumbria",NA,NA,46
2020-11-09,"Healthier Lancashire and South Cumbria",NA,NA,46
2020-11-10,"Healthier Lancashire and South Cumbria",NA,NA,46
2020-11-11,"Healthier Lancashire and South Cumbria",NA,NA,46
2020-11-12,"Healthier Lancashire and South Cumbria",NA,NA,46
2020-11-13,"Healthier Lancashire and South Cumbria",NA,NA,46
2020-11-14,"Healthier Lancashire and South Cumbria",4761,45,46
2020-11-15,"Healthier Lancashire and South Cumbria",NA,NA,47
2020-11-16,"Healthier Lancashire and South Cumbria",NA,NA,47
2020-11-17,"Healthier Lancashire and South Cumbria",NA,NA,47
2020-11-18,"Healthier Lancashire and South Cumbria",NA,NA,47
2020-11-19,"Healthier Lancashire and South Cumbria",NA,NA,47
2020-11-20,"Healthier Lancashire and South Cumbria",NA,NA,47
2020-11-21,"Healthier Lancashire and South Cumbria",3401,48,47
2020-11-22,"Healthier Lancashire and South Cumbria",NA,NA,48
2020-11-23,"Healthier Lancashire and South Cumbria",NA,NA,48
2020-11-24,"Healthier Lancashire and South Cumbria",NA,NA,48
2020-11-25,"Healthier Lancashire and South Cumbria",NA,NA,48
2020-11-26,"Healthier Lancashire and South Cumbria",NA,NA,48
2020-11-27,"Healthier Lancashire and South Cumbria",NA,NA,48
2020-11-28,"Healthier Lancashire and South Cumbria",2563,59,48
2020-11-29,"Healthier Lancashire and South Cumbria",NA,NA,49
2020-11-30,"Healthier Lancashire and South Cumbria",NA,NA,49
2020-12-01,"Healthier Lancashire and South Cumbria",NA,NA,49
2020-12-02,"Healthier Lancashire and South Cumbria",NA,NA,49
2020-12-03,"Healthier Lancashire and South Cumbria",NA,NA,49
2020-12-04,"Healthier Lancashire and South Cumbria",NA,NA,49
2020-12-05,"Healthier Lancashire and South Cumbria",2160,93,49
2020-12-06,"Healthier Lancashire and South Cumbria",NA,NA,50
2020-12-07,"Healthier Lancashire and South Cumbria",NA,NA,50
2020-12-08,"Healthier Lancashire and South Cumbria",NA,NA,50
2020-12-09,"Healthier Lancashire and South Cumbria",NA,NA,50
2020-12-10,"Healthier Lancashire and South Cumbria",NA,NA,50
2020-12-11,"Healthier Lancashire and South Cumbria",NA,NA,50
2020-12-12,"Healthier Lancashire and South Cumbria",2218,334,50
2020-12-13,"Healthier Lancashire and South Cumbria",NA,NA,51
2020-12-14,"Healthier Lancashire and South Cumbria",NA,NA,51
2020-12-15,"Healthier Lancashire and South Cumbria",NA,NA,51
2020-12-16,"Healthier Lancashire and South Cumbria",NA,NA,51
2020-12-17,"Healthier Lancashire and South Cumbria",NA,NA,51
2020-12-18,"Healthier Lancashire and South Cumbria",NA,NA,51
2020-12-19,"Healthier Lancashire and South Cumbria",2235,874,51
2020-12-20,"Healthier Lancashire and South Cumbria",NA,NA,52
2020-12-21,"Healthier Lancashire and South Cumbria",NA,NA,52
2020-12-22,"Healthier Lancashire and South Cumbria",NA,NA,52
2020-12-23,"Healthier Lancashire and South Cumbria",NA,NA,52
2020-12-24,"Healthier Lancashire and South Cumbria",NA,NA,52
2020-12-25,"Healthier Lancashire and South Cumbria",NA,NA,52
2020-12-26,"Healthier Lancashire and South Cumbria",2279,1423,52
2020-12-27,"Healthier Lancashire and South Cumbria",NA,NA,53
2020-12-28,"Healthier Lancashire and South Cumbria",NA,NA,53
2020-12-29,"Healthier Lancashire and South Cumbria",NA,NA,53
2020-12-30,"Healthier Lancashire and South Cumbria",NA,NA,53
2020-12-31,"Healthier Lancashire and South Cumbria",NA,NA,53
2021-01-01,"Healthier Lancashire and South Cumbria",NA,NA,53
2021-01-02,"Healthier Lancashire and South Cumbria",2965,4011,53
2021-01-03,"Healthier Lancashire and South Cumbria",NA,NA,54
2021-01-04,"Healthier Lancashire and South Cumbria",NA,NA,54
2021-01-05,"Healthier Lancashire and South Cumbria",NA,NA,54
2021-01-06,"Healthier Lancashire and South Cumbria",NA,NA,54
2021-01-07,"Healthier Lancashire and South Cumbria",NA,NA,54
2021-01-08,"Healthier Lancashire and South Cumbria",NA,NA,54
2021-01-09,"Healthier Lancashire and South Cumbria",2611,5857,54
2021-01-10,"Healthier Lancashire and South Cumbria",NA,NA,55
2021-01-11,"Healthier Lancashire and South Cumbria",NA,NA,55
2021-01-12,"Healthier Lancashire and South Cumbria",NA,NA,55
2021-01-13,"Healthier Lancashire and South Cumbria",NA,NA,55
2021-01-14,"Healthier Lancashire and South Cumbria",NA,NA,55
2021-01-15,"Healthier Lancashire and South Cumbria",NA,NA,55
2021-01-16,"Healthier Lancashire and South Cumbria",1644,5993,55
2021-01-17,"Healthier Lancashire and South Cumbria",NA,NA,56
2021-01-18,"Healthier Lancashire and South Cumbria",NA,NA,56
2021-01-19,"Healthier Lancashire and South Cumbria",NA,NA,56
2021-01-20,"Healthier Lancashire and South Cumbria",NA,NA,56
2021-01-21,"Healthier Lancashire and South Cumbria",NA,NA,56
2021-01-22,"Healthier Lancashire and South Cumbria",NA,NA,56
2021-01-23,"Healthier Lancashire and South Cumbria",799,5365,56
2020-09-26,"Herefordshire and Worcestershire",NA,NA,39
2020-09-27,"Herefordshire and Worcestershire",NA,NA,40
2020-09-28,"Herefordshire and Worcestershire",NA,NA,40
2020-09-29,"Herefordshire and Worcestershire",NA,NA,40
2020-09-30,"Herefordshire and Worcestershire",NA,NA,40
2020-10-01,"Herefordshire and Worcestershire",NA,NA,40
2020-10-02,"Herefordshire and Worcestershire",NA,NA,40
2020-10-03,"Herefordshire and Worcestershire",NA,NA,40
2020-10-04,"Herefordshire and Worcestershire",NA,NA,41
2020-10-05,"Herefordshire and Worcestershire",NA,NA,41
2020-10-06,"Herefordshire and Worcestershire",NA,NA,41
2020-10-07,"Herefordshire and Worcestershire",NA,NA,41
2020-10-08,"Herefordshire and Worcestershire",NA,NA,41
2020-10-09,"Herefordshire and Worcestershire",NA,NA,41
2020-10-10,"Herefordshire and Worcestershire",NA,NA,41
2020-10-11,"Herefordshire and Worcestershire",NA,NA,42
2020-10-12,"Herefordshire and Worcestershire",NA,NA,42
2020-10-13,"Herefordshire and Worcestershire",NA,NA,42
2020-10-14,"Herefordshire and Worcestershire",NA,NA,42
2020-10-15,"Herefordshire and Worcestershire",NA,NA,42
2020-10-16,"Herefordshire and Worcestershire",NA,NA,42
2020-10-17,"Herefordshire and Worcestershire",NA,NA,42
2020-10-18,"Herefordshire and Worcestershire",NA,NA,43
2020-10-19,"Herefordshire and Worcestershire",NA,NA,43
2020-10-20,"Herefordshire and Worcestershire",NA,NA,43
2020-10-21,"Herefordshire and Worcestershire",NA,NA,43
2020-10-22,"Herefordshire and Worcestershire",NA,NA,43
2020-10-23,"Herefordshire and Worcestershire",NA,NA,43
2020-10-24,"Herefordshire and Worcestershire",849,1,43
2020-10-25,"Herefordshire and Worcestershire",NA,NA,44
2020-10-26,"Herefordshire and Worcestershire",NA,NA,44
2020-10-27,"Herefordshire and Worcestershire",NA,NA,44
2020-10-28,"Herefordshire and Worcestershire",NA,NA,44
2020-10-29,"Herefordshire and Worcestershire",NA,NA,44
2020-10-30,"Herefordshire and Worcestershire",NA,NA,44
2020-10-31,"Herefordshire and Worcestershire",1055,2,44
2020-11-01,"Herefordshire and Worcestershire",NA,NA,45
2020-11-02,"Herefordshire and Worcestershire",NA,NA,45
2020-11-03,"Herefordshire and Worcestershire",NA,NA,45
2020-11-04,"Herefordshire and Worcestershire",NA,NA,45
2020-11-05,"Herefordshire and Worcestershire",NA,NA,45
2020-11-06,"Herefordshire and Worcestershire",NA,NA,45
2020-11-07,"Herefordshire and Worcestershire",1434,8,45
2020-11-08,"Herefordshire and Worcestershire",NA,NA,46
2020-11-09,"Herefordshire and Worcestershire",NA,NA,46
2020-11-10,"Herefordshire and Worcestershire",NA,NA,46
2020-11-11,"Herefordshire and Worcestershire",NA,NA,46
2020-11-12,"Herefordshire and Worcestershire",NA,NA,46
2020-11-13,"Herefordshire and Worcestershire",NA,NA,46
2020-11-14,"Herefordshire and Worcestershire",1615,21,46
2020-11-15,"Herefordshire and Worcestershire",NA,NA,47
2020-11-16,"Herefordshire and Worcestershire",NA,NA,47
2020-11-17,"Herefordshire and Worcestershire",NA,NA,47
2020-11-18,"Herefordshire and Worcestershire",NA,NA,47
2020-11-19,"Herefordshire and Worcestershire",NA,NA,47
2020-11-20,"Herefordshire and Worcestershire",NA,NA,47
2020-11-21,"Herefordshire and Worcestershire",1123,25,47
2020-11-22,"Herefordshire and Worcestershire",NA,NA,48
2020-11-23,"Herefordshire and Worcestershire",NA,NA,48
2020-11-24,"Herefordshire and Worcestershire",NA,NA,48
2020-11-25,"Herefordshire and Worcestershire",NA,NA,48
2020-11-26,"Herefordshire and Worcestershire",NA,NA,48
2020-11-27,"Herefordshire and Worcestershire",NA,NA,48
2020-11-28,"Herefordshire and Worcestershire",630,33,48
2020-11-29,"Herefordshire and Worcestershire",NA,NA,49
2020-11-30,"Herefordshire and Worcestershire",NA,NA,49
2020-12-01,"Herefordshire and Worcestershire",NA,NA,49
2020-12-02,"Herefordshire and Worcestershire",NA,NA,49
2020-12-03,"Herefordshire and Worcestershire",NA,NA,49
2020-12-04,"Herefordshire and Worcestershire",NA,NA,49
2020-12-05,"Herefordshire and Worcestershire",432,16,49
2020-12-06,"Herefordshire and Worcestershire",NA,NA,50
2020-12-07,"Herefordshire and Worcestershire",NA,NA,50
2020-12-08,"Herefordshire and Worcestershire",NA,NA,50
2020-12-09,"Herefordshire and Worcestershire",NA,NA,50
2020-12-10,"Herefordshire and Worcestershire",NA,NA,50
2020-12-11,"Herefordshire and Worcestershire",NA,NA,50
2020-12-12,"Herefordshire and Worcestershire",512,63,50
2020-12-13,"Herefordshire and Worcestershire",NA,NA,51
2020-12-14,"Herefordshire and Worcestershire",NA,NA,51
2020-12-15,"Herefordshire and Worcestershire",NA,NA,51
2020-12-16,"Herefordshire and Worcestershire",NA,NA,51
2020-12-17,"Herefordshire and Worcestershire",NA,NA,51
2020-12-18,"Herefordshire and Worcestershire",NA,NA,51
2020-12-19,"Herefordshire and Worcestershire",777,213,51
2020-12-20,"Herefordshire and Worcestershire",NA,NA,52
2020-12-21,"Herefordshire and Worcestershire",NA,NA,52
2020-12-22,"Herefordshire and Worcestershire",NA,NA,52
2020-12-23,"Herefordshire and Worcestershire",NA,NA,52
2020-12-24,"Herefordshire and Worcestershire",NA,NA,52
2020-12-25,"Herefordshire and Worcestershire",NA,NA,52
2020-12-26,"Herefordshire and Worcestershire",707,640,52
2020-12-27,"Herefordshire and Worcestershire",NA,NA,53
2020-12-28,"Herefordshire and Worcestershire",NA,NA,53
2020-12-29,"Herefordshire and Worcestershire",NA,NA,53
2020-12-30,"Herefordshire and Worcestershire",NA,NA,53
2020-12-31,"Herefordshire and Worcestershire",NA,NA,53
2021-01-01,"Herefordshire and Worcestershire",NA,NA,53
2021-01-02,"Herefordshire and Worcestershire",989,1929,53
2021-01-03,"Herefordshire and Worcestershire",NA,NA,54
2021-01-04,"Herefordshire and Worcestershire",NA,NA,54
2021-01-05,"Herefordshire and Worcestershire",NA,NA,54
2021-01-06,"Herefordshire and Worcestershire",NA,NA,54
2021-01-07,"Herefordshire and Worcestershire",NA,NA,54
2021-01-08,"Herefordshire and Worcestershire",NA,NA,54
2021-01-09,"Herefordshire and Worcestershire",778,2855,54
2021-01-10,"Herefordshire and Worcestershire",NA,NA,55
2021-01-11,"Herefordshire and Worcestershire",NA,NA,55
2021-01-12,"Herefordshire and Worcestershire",NA,NA,55
2021-01-13,"Herefordshire and Worcestershire",NA,NA,55
2021-01-14,"Herefordshire and Worcestershire",NA,NA,55
2021-01-15,"Herefordshire and Worcestershire",NA,NA,55
2021-01-16,"Herefordshire and Worcestershire",521,2800,55
2021-01-17,"Herefordshire and Worcestershire",NA,NA,56
2021-01-18,"Herefordshire and Worcestershire",NA,NA,56
2021-01-19,"Herefordshire and Worcestershire",NA,NA,56
2021-01-20,"Herefordshire and Worcestershire",NA,NA,56
2021-01-21,"Herefordshire and Worcestershire",NA,NA,56
2021-01-22,"Herefordshire and Worcestershire",NA,NA,56
2021-01-23,"Herefordshire and Worcestershire",285,2136,56
2020-09-26,"Hertfordshire and West Essex",NA,NA,39
2020-09-27,"Hertfordshire and West Essex",NA,NA,40
2020-09-28,"Hertfordshire and West Essex",NA,NA,40
2020-09-29,"Hertfordshire and West Essex",NA,NA,40
2020-09-30,"Hertfordshire and West Essex",NA,NA,40
2020-10-01,"Hertfordshire and West Essex",NA,NA,40
2020-10-02,"Hertfordshire and West Essex",NA,NA,40
2020-10-03,"Hertfordshire and West Essex",NA,NA,40
2020-10-04,"Hertfordshire and West Essex",NA,NA,41
2020-10-05,"Hertfordshire and West Essex",NA,NA,41
2020-10-06,"Hertfordshire and West Essex",NA,NA,41
2020-10-07,"Hertfordshire and West Essex",NA,NA,41
2020-10-08,"Hertfordshire and West Essex",NA,NA,41
2020-10-09,"Hertfordshire and West Essex",NA,NA,41
2020-10-10,"Hertfordshire and West Essex",NA,NA,41
2020-10-11,"Hertfordshire and West Essex",NA,NA,42
2020-10-12,"Hertfordshire and West Essex",NA,NA,42
2020-10-13,"Hertfordshire and West Essex",NA,NA,42
2020-10-14,"Hertfordshire and West Essex",NA,NA,42
2020-10-15,"Hertfordshire and West Essex",NA,NA,42
2020-10-16,"Hertfordshire and West Essex",NA,NA,42
2020-10-17,"Hertfordshire and West Essex",NA,NA,42
2020-10-18,"Hertfordshire and West Essex",NA,NA,43
2020-10-19,"Hertfordshire and West Essex",NA,NA,43
2020-10-20,"Hertfordshire and West Essex",NA,NA,43
2020-10-21,"Hertfordshire and West Essex",NA,NA,43
2020-10-22,"Hertfordshire and West Essex",NA,NA,43
2020-10-23,"Hertfordshire and West Essex",NA,NA,43
2020-10-24,"Hertfordshire and West Essex",1416,5,43
2020-10-25,"Hertfordshire and West Essex",NA,NA,44
2020-10-26,"Hertfordshire and West Essex",NA,NA,44
2020-10-27,"Hertfordshire and West Essex",NA,NA,44
2020-10-28,"Hertfordshire and West Essex",NA,NA,44
2020-10-29,"Hertfordshire and West Essex",NA,NA,44
2020-10-30,"Hertfordshire and West Essex",NA,NA,44
2020-10-31,"Hertfordshire and West Essex",1410,16,44
2020-11-01,"Hertfordshire and West Essex",NA,NA,45
2020-11-02,"Hertfordshire and West Essex",NA,NA,45
2020-11-03,"Hertfordshire and West Essex",NA,NA,45
2020-11-04,"Hertfordshire and West Essex",NA,NA,45
2020-11-05,"Hertfordshire and West Essex",NA,NA,45
2020-11-06,"Hertfordshire and West Essex",NA,NA,45
2020-11-07,"Hertfordshire and West Essex",1715,50,45
2020-11-08,"Hertfordshire and West Essex",NA,NA,46
2020-11-09,"Hertfordshire and West Essex",NA,NA,46
2020-11-10,"Hertfordshire and West Essex",NA,NA,46
2020-11-11,"Hertfordshire and West Essex",NA,NA,46
2020-11-12,"Hertfordshire and West Essex",NA,NA,46
2020-11-13,"Hertfordshire and West Essex",NA,NA,46
2020-11-14,"Hertfordshire and West Essex",2007,167,46
2020-11-15,"Hertfordshire and West Essex",NA,NA,47
2020-11-16,"Hertfordshire and West Essex",NA,NA,47
2020-11-17,"Hertfordshire and West Essex",NA,NA,47
2020-11-18,"Hertfordshire and West Essex",NA,NA,47
2020-11-19,"Hertfordshire and West Essex",NA,NA,47
2020-11-20,"Hertfordshire and West Essex",NA,NA,47
2020-11-21,"Hertfordshire and West Essex",1543,191,47
2020-11-22,"Hertfordshire and West Essex",NA,NA,48
2020-11-23,"Hertfordshire and West Essex",NA,NA,48
2020-11-24,"Hertfordshire and West Essex",NA,NA,48
2020-11-25,"Hertfordshire and West Essex",NA,NA,48
2020-11-26,"Hertfordshire and West Essex",NA,NA,48
2020-11-27,"Hertfordshire and West Essex",NA,NA,48
2020-11-28,"Hertfordshire and West Essex",1156,380,48
2020-11-29,"Hertfordshire and West Essex",NA,NA,49
2020-11-30,"Hertfordshire and West Essex",NA,NA,49
2020-12-01,"Hertfordshire and West Essex",NA,NA,49
2020-12-02,"Hertfordshire and West Essex",NA,NA,49
2020-12-03,"Hertfordshire and West Essex",NA,NA,49
2020-12-04,"Hertfordshire and West Essex",NA,NA,49
2020-12-05,"Hertfordshire and West Essex",1104,859,49
2020-12-06,"Hertfordshire and West Essex",NA,NA,50
2020-12-07,"Hertfordshire and West Essex",NA,NA,50
2020-12-08,"Hertfordshire and West Essex",NA,NA,50
2020-12-09,"Hertfordshire and West Essex",NA,NA,50
2020-12-10,"Hertfordshire and West Essex",NA,NA,50
2020-12-11,"Hertfordshire and West Essex",NA,NA,50
2020-12-12,"Hertfordshire and West Essex",1194,2207,50
2020-12-13,"Hertfordshire and West Essex",NA,NA,51
2020-12-14,"Hertfordshire and West Essex",NA,NA,51
2020-12-15,"Hertfordshire and West Essex",NA,NA,51
2020-12-16,"Hertfordshire and West Essex",NA,NA,51
2020-12-17,"Hertfordshire and West Essex",NA,NA,51
2020-12-18,"Hertfordshire and West Essex",NA,NA,51
2020-12-19,"Hertfordshire and West Essex",1549,5386,51
2020-12-20,"Hertfordshire and West Essex",NA,NA,52
2020-12-21,"Hertfordshire and West Essex",NA,NA,52
2020-12-22,"Hertfordshire and West Essex",NA,NA,52
2020-12-23,"Hertfordshire and West Essex",NA,NA,52
2020-12-24,"Hertfordshire and West Essex",NA,NA,52
2020-12-25,"Hertfordshire and West Essex",NA,NA,52
2020-12-26,"Hertfordshire and West Essex",1397,8551,52
2020-12-27,"Hertfordshire and West Essex",NA,NA,53
2020-12-28,"Hertfordshire and West Essex",NA,NA,53
2020-12-29,"Hertfordshire and West Essex",NA,NA,53
2020-12-30,"Hertfordshire and West Essex",NA,NA,53
2020-12-31,"Hertfordshire and West Essex",NA,NA,53
2021-01-01,"Hertfordshire and West Essex",NA,NA,53
2021-01-02,"Hertfordshire and West Essex",1226,11197,53
2021-01-03,"Hertfordshire and West Essex",NA,NA,54
2021-01-04,"Hertfordshire and West Essex",NA,NA,54
2021-01-05,"Hertfordshire and West Essex",NA,NA,54
2021-01-06,"Hertfordshire and West Essex",NA,NA,54
2021-01-07,"Hertfordshire and West Essex",NA,NA,54
2021-01-08,"Hertfordshire and West Essex",NA,NA,54
2021-01-09,"Hertfordshire and West Essex",742,9344,54
2021-01-10,"Hertfordshire and West Essex",NA,NA,55
2021-01-11,"Hertfordshire and West Essex",NA,NA,55
2021-01-12,"Hertfordshire and West Essex",NA,NA,55
2021-01-13,"Hertfordshire and West Essex",NA,NA,55
2021-01-14,"Hertfordshire and West Essex",NA,NA,55
2021-01-15,"Hertfordshire and West Essex",NA,NA,55
2021-01-16,"Hertfordshire and West Essex",392,6449,55
2021-01-17,"Hertfordshire and West Essex",NA,NA,56
2021-01-18,"Hertfordshire and West Essex",NA,NA,56
2021-01-19,"Hertfordshire and West Essex",NA,NA,56
2021-01-20,"Hertfordshire and West Essex",NA,NA,56
2021-01-21,"Hertfordshire and West Essex",NA,NA,56
2021-01-22,"Hertfordshire and West Essex",NA,NA,56
2021-01-23,"Hertfordshire and West Essex",180,4717,56
2020-09-26,"Humber, Coast and Vale",NA,NA,39
2020-09-27,"Humber, Coast and Vale",NA,NA,40
2020-09-28,"Humber, Coast and Vale",NA,NA,40
2020-09-29,"Humber, Coast and Vale",NA,NA,40
2020-09-30,"Humber, Coast and Vale",NA,NA,40
2020-10-01,"Humber, Coast and Vale",NA,NA,40
2020-10-02,"Humber, Coast and Vale",NA,NA,40
2020-10-03,"Humber, Coast and Vale",NA,NA,40
2020-10-04,"Humber, Coast and Vale",NA,NA,41
2020-10-05,"Humber, Coast and Vale",NA,NA,41
2020-10-06,"Humber, Coast and Vale",NA,NA,41
2020-10-07,"Humber, Coast and Vale",NA,NA,41
2020-10-08,"Humber, Coast and Vale",NA,NA,41
2020-10-09,"Humber, Coast and Vale",NA,NA,41
2020-10-10,"Humber, Coast and Vale",NA,NA,41
2020-10-11,"Humber, Coast and Vale",NA,NA,42
2020-10-12,"Humber, Coast and Vale",NA,NA,42
2020-10-13,"Humber, Coast and Vale",NA,NA,42
2020-10-14,"Humber, Coast and Vale",NA,NA,42
2020-10-15,"Humber, Coast and Vale",NA,NA,42
2020-10-16,"Humber, Coast and Vale",NA,NA,42
2020-10-17,"Humber, Coast and Vale",NA,NA,42
2020-10-18,"Humber, Coast and Vale",NA,NA,43
2020-10-19,"Humber, Coast and Vale",NA,NA,43
2020-10-20,"Humber, Coast and Vale",NA,NA,43
2020-10-21,"Humber, Coast and Vale",NA,NA,43
2020-10-22,"Humber, Coast and Vale",NA,NA,43
2020-10-23,"Humber, Coast and Vale",NA,NA,43
2020-10-24,"Humber, Coast and Vale",3424,2,43
2020-10-25,"Humber, Coast and Vale",NA,NA,44
2020-10-26,"Humber, Coast and Vale",NA,NA,44
2020-10-27,"Humber, Coast and Vale",NA,NA,44
2020-10-28,"Humber, Coast and Vale",NA,NA,44
2020-10-29,"Humber, Coast and Vale",NA,NA,44
2020-10-30,"Humber, Coast and Vale",NA,NA,44
2020-10-31,"Humber, Coast and Vale",3950,5,44
2020-11-01,"Humber, Coast and Vale",NA,NA,45
2020-11-02,"Humber, Coast and Vale",NA,NA,45
2020-11-03,"Humber, Coast and Vale",NA,NA,45
2020-11-04,"Humber, Coast and Vale",NA,NA,45
2020-11-05,"Humber, Coast and Vale",NA,NA,45
2020-11-06,"Humber, Coast and Vale",NA,NA,45
2020-11-07,"Humber, Coast and Vale",5911,17,45
2020-11-08,"Humber, Coast and Vale",NA,NA,46
2020-11-09,"Humber, Coast and Vale",NA,NA,46
2020-11-10,"Humber, Coast and Vale",NA,NA,46
2020-11-11,"Humber, Coast and Vale",NA,NA,46
2020-11-12,"Humber, Coast and Vale",NA,NA,46
2020-11-13,"Humber, Coast and Vale",NA,NA,46
2020-11-14,"Humber, Coast and Vale",5972,35,46
2020-11-15,"Humber, Coast and Vale",NA,NA,47
2020-11-16,"Humber, Coast and Vale",NA,NA,47
2020-11-17,"Humber, Coast and Vale",NA,NA,47
2020-11-18,"Humber, Coast and Vale",NA,NA,47
2020-11-19,"Humber, Coast and Vale",NA,NA,47
2020-11-20,"Humber, Coast and Vale",NA,NA,47
2020-11-21,"Humber, Coast and Vale",3964,40,47
2020-11-22,"Humber, Coast and Vale",NA,NA,48
2020-11-23,"Humber, Coast and Vale",NA,NA,48
2020-11-24,"Humber, Coast and Vale",NA,NA,48
2020-11-25,"Humber, Coast and Vale",NA,NA,48
2020-11-26,"Humber, Coast and Vale",NA,NA,48
2020-11-27,"Humber, Coast and Vale",NA,NA,48
2020-11-28,"Humber, Coast and Vale",2226,43,48
2020-11-29,"Humber, Coast and Vale",NA,NA,49
2020-11-30,"Humber, Coast and Vale",NA,NA,49
2020-12-01,"Humber, Coast and Vale",NA,NA,49
2020-12-02,"Humber, Coast and Vale",NA,NA,49
2020-12-03,"Humber, Coast and Vale",NA,NA,49
2020-12-04,"Humber, Coast and Vale",NA,NA,49
2020-12-05,"Humber, Coast and Vale",1718,54,49
2020-12-06,"Humber, Coast and Vale",NA,NA,50
2020-12-07,"Humber, Coast and Vale",NA,NA,50
2020-12-08,"Humber, Coast and Vale",NA,NA,50
2020-12-09,"Humber, Coast and Vale",NA,NA,50
2020-12-10,"Humber, Coast and Vale",NA,NA,50
2020-12-11,"Humber, Coast and Vale",NA,NA,50
2020-12-12,"Humber, Coast and Vale",1507,75,50
2020-12-13,"Humber, Coast and Vale",NA,NA,51
2020-12-14,"Humber, Coast and Vale",NA,NA,51
2020-12-15,"Humber, Coast and Vale",NA,NA,51
2020-12-16,"Humber, Coast and Vale",NA,NA,51
2020-12-17,"Humber, Coast and Vale",NA,NA,51
2020-12-18,"Humber, Coast and Vale",NA,NA,51
2020-12-19,"Humber, Coast and Vale",1749,398,51
2020-12-20,"Humber, Coast and Vale",NA,NA,52
2020-12-21,"Humber, Coast and Vale",NA,NA,52
2020-12-22,"Humber, Coast and Vale",NA,NA,52
2020-12-23,"Humber, Coast and Vale",NA,NA,52
2020-12-24,"Humber, Coast and Vale",NA,NA,52
2020-12-25,"Humber, Coast and Vale",NA,NA,52
2020-12-26,"Humber, Coast and Vale",1525,1049,52
2020-12-27,"Humber, Coast and Vale",NA,NA,53
2020-12-28,"Humber, Coast and Vale",NA,NA,53
2020-12-29,"Humber, Coast and Vale",NA,NA,53
2020-12-30,"Humber, Coast and Vale",NA,NA,53
2020-12-31,"Humber, Coast and Vale",NA,NA,53
2021-01-01,"Humber, Coast and Vale",NA,NA,53
2021-01-02,"Humber, Coast and Vale",1996,2320,53
2021-01-03,"Humber, Coast and Vale",NA,NA,54
2021-01-04,"Humber, Coast and Vale",NA,NA,54
2021-01-05,"Humber, Coast and Vale",NA,NA,54
2021-01-06,"Humber, Coast and Vale",NA,NA,54
2021-01-07,"Humber, Coast and Vale",NA,NA,54
2021-01-08,"Humber, Coast and Vale",NA,NA,54
2021-01-09,"Humber, Coast and Vale",1623,2672,54
2021-01-10,"Humber, Coast and Vale",NA,NA,55
2021-01-11,"Humber, Coast and Vale",NA,NA,55
2021-01-12,"Humber, Coast and Vale",NA,NA,55
2021-01-13,"Humber, Coast and Vale",NA,NA,55
2021-01-14,"Humber, Coast and Vale",NA,NA,55
2021-01-15,"Humber, Coast and Vale",NA,NA,55
2021-01-16,"Humber, Coast and Vale",1016,2001,55
2021-01-17,"Humber, Coast and Vale",NA,NA,56
2021-01-18,"Humber, Coast and Vale",NA,NA,56
2021-01-19,"Humber, Coast and Vale",NA,NA,56
2021-01-20,"Humber, Coast and Vale",NA,NA,56
2021-01-21,"Humber, Coast and Vale",NA,NA,56
2021-01-22,"Humber, Coast and Vale",NA,NA,56
2021-01-23,"Humber, Coast and Vale",609,1653,56
2020-09-26,"Joined Up Care Derbyshire",NA,NA,39
2020-09-27,"Joined Up Care Derbyshire",NA,NA,40
2020-09-28,"Joined Up Care Derbyshire",NA,NA,40
2020-09-29,"Joined Up Care Derbyshire",NA,NA,40
2020-09-30,"Joined Up Care Derbyshire",NA,NA,40
2020-10-01,"Joined Up Care Derbyshire",NA,NA,40
2020-10-02,"Joined Up Care Derbyshire",NA,NA,40
2020-10-03,"Joined Up Care Derbyshire",NA,NA,40
2020-10-04,"Joined Up Care Derbyshire",NA,NA,41
2020-10-05,"Joined Up Care Derbyshire",NA,NA,41
2020-10-06,"Joined Up Care Derbyshire",NA,NA,41
2020-10-07,"Joined Up Care Derbyshire",NA,NA,41
2020-10-08,"Joined Up Care Derbyshire",NA,NA,41
2020-10-09,"Joined Up Care Derbyshire",NA,NA,41
2020-10-10,"Joined Up Care Derbyshire",NA,NA,41
2020-10-11,"Joined Up Care Derbyshire",NA,NA,42
2020-10-12,"Joined Up Care Derbyshire",NA,NA,42
2020-10-13,"Joined Up Care Derbyshire",NA,NA,42
2020-10-14,"Joined Up Care Derbyshire",NA,NA,42
2020-10-15,"Joined Up Care Derbyshire",NA,NA,42
2020-10-16,"Joined Up Care Derbyshire",NA,NA,42
2020-10-17,"Joined Up Care Derbyshire",NA,NA,42
2020-10-18,"Joined Up Care Derbyshire",NA,NA,43
2020-10-19,"Joined Up Care Derbyshire",NA,NA,43
2020-10-20,"Joined Up Care Derbyshire",NA,NA,43
2020-10-21,"Joined Up Care Derbyshire",NA,NA,43
2020-10-22,"Joined Up Care Derbyshire",NA,NA,43
2020-10-23,"Joined Up Care Derbyshire",NA,NA,43
2020-10-24,"Joined Up Care Derbyshire",2676,0,43
2020-10-25,"Joined Up Care Derbyshire",NA,NA,44
2020-10-26,"Joined Up Care Derbyshire",NA,NA,44
2020-10-27,"Joined Up Care Derbyshire",NA,NA,44
2020-10-28,"Joined Up Care Derbyshire",NA,NA,44
2020-10-29,"Joined Up Care Derbyshire",NA,NA,44
2020-10-30,"Joined Up Care Derbyshire",NA,NA,44
2020-10-31,"Joined Up Care Derbyshire",3118,2,44
2020-11-01,"Joined Up Care Derbyshire",NA,NA,45
2020-11-02,"Joined Up Care Derbyshire",NA,NA,45
2020-11-03,"Joined Up Care Derbyshire",NA,NA,45
2020-11-04,"Joined Up Care Derbyshire",NA,NA,45
2020-11-05,"Joined Up Care Derbyshire",NA,NA,45
2020-11-06,"Joined Up Care Derbyshire",NA,NA,45
2020-11-07,"Joined Up Care Derbyshire",3415,8,45
2020-11-08,"Joined Up Care Derbyshire",NA,NA,46
2020-11-09,"Joined Up Care Derbyshire",NA,NA,46
2020-11-10,"Joined Up Care Derbyshire",NA,NA,46
2020-11-11,"Joined Up Care Derbyshire",NA,NA,46
2020-11-12,"Joined Up Care Derbyshire",NA,NA,46
2020-11-13,"Joined Up Care Derbyshire",NA,NA,46
2020-11-14,"Joined Up Care Derbyshire",3270,13,46
2020-11-15,"Joined Up Care Derbyshire",NA,NA,47
2020-11-16,"Joined Up Care Derbyshire",NA,NA,47
2020-11-17,"Joined Up Care Derbyshire",NA,NA,47
2020-11-18,"Joined Up Care Derbyshire",NA,NA,47
2020-11-19,"Joined Up Care Derbyshire",NA,NA,47
2020-11-20,"Joined Up Care Derbyshire",NA,NA,47
2020-11-21,"Joined Up Care Derbyshire",2120,11,47
2020-11-22,"Joined Up Care Derbyshire",NA,NA,48
2020-11-23,"Joined Up Care Derbyshire",NA,NA,48
2020-11-24,"Joined Up Care Derbyshire",NA,NA,48
2020-11-25,"Joined Up Care Derbyshire",NA,NA,48
2020-11-26,"Joined Up Care Derbyshire",NA,NA,48
2020-11-27,"Joined Up Care Derbyshire",NA,NA,48
2020-11-28,"Joined Up Care Derbyshire",1285,52,48
2020-11-29,"Joined Up Care Derbyshire",NA,NA,49
2020-11-30,"Joined Up Care Derbyshire",NA,NA,49
2020-12-01,"Joined Up Care Derbyshire",NA,NA,49
2020-12-02,"Joined Up Care Derbyshire",NA,NA,49
2020-12-03,"Joined Up Care Derbyshire",NA,NA,49
2020-12-04,"Joined Up Care Derbyshire",NA,NA,49
2020-12-05,"Joined Up Care Derbyshire",1037,138,49
2020-12-06,"Joined Up Care Derbyshire",NA,NA,50
2020-12-07,"Joined Up Care Derbyshire",NA,NA,50
2020-12-08,"Joined Up Care Derbyshire",NA,NA,50
2020-12-09,"Joined Up Care Derbyshire",NA,NA,50
2020-12-10,"Joined Up Care Derbyshire",NA,NA,50
2020-12-11,"Joined Up Care Derbyshire",NA,NA,50
2020-12-12,"Joined Up Care Derbyshire",1186,264,50
2020-12-13,"Joined Up Care Derbyshire",NA,NA,51
2020-12-14,"Joined Up Care Derbyshire",NA,NA,51
2020-12-15,"Joined Up Care Derbyshire",NA,NA,51
2020-12-16,"Joined Up Care Derbyshire",NA,NA,51
2020-12-17,"Joined Up Care Derbyshire",NA,NA,51
2020-12-18,"Joined Up Care Derbyshire",NA,NA,51
2020-12-19,"Joined Up Care Derbyshire",1294,608,51
2020-12-20,"Joined Up Care Derbyshire",NA,NA,52
2020-12-21,"Joined Up Care Derbyshire",NA,NA,52
2020-12-22,"Joined Up Care Derbyshire",NA,NA,52
2020-12-23,"Joined Up Care Derbyshire",NA,NA,52
2020-12-24,"Joined Up Care Derbyshire",NA,NA,52
2020-12-25,"Joined Up Care Derbyshire",NA,NA,52
2020-12-26,"Joined Up Care Derbyshire",1008,1004,52
2020-12-27,"Joined Up Care Derbyshire",NA,NA,53
2020-12-28,"Joined Up Care Derbyshire",NA,NA,53
2020-12-29,"Joined Up Care Derbyshire",NA,NA,53
2020-12-30,"Joined Up Care Derbyshire",NA,NA,53
2020-12-31,"Joined Up Care Derbyshire",NA,NA,53
2021-01-01,"Joined Up Care Derbyshire",NA,NA,53
2021-01-02,"Joined Up Care Derbyshire",1353,2413,53
2021-01-03,"Joined Up Care Derbyshire",NA,NA,54
2021-01-04,"Joined Up Care Derbyshire",NA,NA,54
2021-01-05,"Joined Up Care Derbyshire",NA,NA,54
2021-01-06,"Joined Up Care Derbyshire",NA,NA,54
2021-01-07,"Joined Up Care Derbyshire",NA,NA,54
2021-01-08,"Joined Up Care Derbyshire",NA,NA,54
2021-01-09,"Joined Up Care Derbyshire",1081,3039,54
2021-01-10,"Joined Up Care Derbyshire",NA,NA,55
2021-01-11,"Joined Up Care Derbyshire",NA,NA,55
2021-01-12,"Joined Up Care Derbyshire",NA,NA,55
2021-01-13,"Joined Up Care Derbyshire",NA,NA,55
2021-01-14,"Joined Up Care Derbyshire",NA,NA,55
2021-01-15,"Joined Up Care Derbyshire",NA,NA,55
2021-01-16,"Joined Up Care Derbyshire",730,3150,55
2021-01-17,"Joined Up Care Derbyshire",NA,NA,56
2021-01-18,"Joined Up Care Derbyshire",NA,NA,56
2021-01-19,"Joined Up Care Derbyshire",NA,NA,56
2021-01-20,"Joined Up Care Derbyshire",NA,NA,56
2021-01-21,"Joined Up Care Derbyshire",NA,NA,56
2021-01-22,"Joined Up Care Derbyshire",NA,NA,56
2021-01-23,"Joined Up Care Derbyshire",591,3103,56
2020-09-26,"Kent and Medway",NA,NA,39
2020-09-27,"Kent and Medway",NA,NA,40
2020-09-28,"Kent and Medway",NA,NA,40
2020-09-29,"Kent and Medway",NA,NA,40
2020-09-30,"Kent and Medway",NA,NA,40
2020-10-01,"Kent and Medway",NA,NA,40
2020-10-02,"Kent and Medway",NA,NA,40
2020-10-03,"Kent and Medway",NA,NA,40
2020-10-04,"Kent and Medway",NA,NA,41
2020-10-05,"Kent and Medway",NA,NA,41
2020-10-06,"Kent and Medway",NA,NA,41
2020-10-07,"Kent and Medway",NA,NA,41
2020-10-08,"Kent and Medway",NA,NA,41
2020-10-09,"Kent and Medway",NA,NA,41
2020-10-10,"Kent and Medway",NA,NA,41
2020-10-11,"Kent and Medway",NA,NA,42
2020-10-12,"Kent and Medway",NA,NA,42
2020-10-13,"Kent and Medway",NA,NA,42
2020-10-14,"Kent and Medway",NA,NA,42
2020-10-15,"Kent and Medway",NA,NA,42
2020-10-16,"Kent and Medway",NA,NA,42
2020-10-17,"Kent and Medway",NA,NA,42
2020-10-18,"Kent and Medway",NA,NA,43
2020-10-19,"Kent and Medway",NA,NA,43
2020-10-20,"Kent and Medway",NA,NA,43
2020-10-21,"Kent and Medway",NA,NA,43
2020-10-22,"Kent and Medway",NA,NA,43
2020-10-23,"Kent and Medway",NA,NA,43
2020-10-24,"Kent and Medway",1130,196,43
2020-10-25,"Kent and Medway",NA,NA,44
2020-10-26,"Kent and Medway",NA,NA,44
2020-10-27,"Kent and Medway",NA,NA,44
2020-10-28,"Kent and Medway",NA,NA,44
2020-10-29,"Kent and Medway",NA,NA,44
2020-10-30,"Kent and Medway",NA,NA,44
2020-10-31,"Kent and Medway",1369,531,44
2020-11-01,"Kent and Medway",NA,NA,45
2020-11-02,"Kent and Medway",NA,NA,45
2020-11-03,"Kent and Medway",NA,NA,45
2020-11-04,"Kent and Medway",NA,NA,45
2020-11-05,"Kent and Medway",NA,NA,45
2020-11-06,"Kent and Medway",NA,NA,45
2020-11-07,"Kent and Medway",1858,1055,45
2020-11-08,"Kent and Medway",NA,NA,46
2020-11-09,"Kent and Medway",NA,NA,46
2020-11-10,"Kent and Medway",NA,NA,46
2020-11-11,"Kent and Medway",NA,NA,46
2020-11-12,"Kent and Medway",NA,NA,46
2020-11-13,"Kent and Medway",NA,NA,46
2020-11-14,"Kent and Medway",2270,2590,46
2020-11-15,"Kent and Medway",NA,NA,47
2020-11-16,"Kent and Medway",NA,NA,47
2020-11-17,"Kent and Medway",NA,NA,47
2020-11-18,"Kent and Medway",NA,NA,47
2020-11-19,"Kent and Medway",NA,NA,47
2020-11-20,"Kent and Medway",NA,NA,47
2020-11-21,"Kent and Medway",1654,3150,47
2020-11-22,"Kent and Medway",NA,NA,48
2020-11-23,"Kent and Medway",NA,NA,48
2020-11-24,"Kent and Medway",NA,NA,48
2020-11-25,"Kent and Medway",NA,NA,48
2020-11-26,"Kent and Medway",NA,NA,48
2020-11-27,"Kent and Medway",NA,NA,48
2020-11-28,"Kent and Medway",1066,4100,48
2020-11-29,"Kent and Medway",NA,NA,49
2020-11-30,"Kent and Medway",NA,NA,49
2020-12-01,"Kent and Medway",NA,NA,49
2020-12-02,"Kent and Medway",NA,NA,49
2020-12-03,"Kent and Medway",NA,NA,49
2020-12-04,"Kent and Medway",NA,NA,49
2020-12-05,"Kent and Medway",826,5409,49
2020-12-06,"Kent and Medway",NA,NA,50
2020-12-07,"Kent and Medway",NA,NA,50
2020-12-08,"Kent and Medway",NA,NA,50
2020-12-09,"Kent and Medway",NA,NA,50
2020-12-10,"Kent and Medway",NA,NA,50
2020-12-11,"Kent and Medway",NA,NA,50
2020-12-12,"Kent and Medway",882,8145,50
2020-12-13,"Kent and Medway",NA,NA,51
2020-12-14,"Kent and Medway",NA,NA,51
2020-12-15,"Kent and Medway",NA,NA,51
2020-12-16,"Kent and Medway",NA,NA,51
2020-12-17,"Kent and Medway",NA,NA,51
2020-12-18,"Kent and Medway",NA,NA,51
2020-12-19,"Kent and Medway",1181,11919,51
2020-12-20,"Kent and Medway",NA,NA,52
2020-12-21,"Kent and Medway",NA,NA,52
2020-12-22,"Kent and Medway",NA,NA,52
2020-12-23,"Kent and Medway",NA,NA,52
2020-12-24,"Kent and Medway",NA,NA,52
2020-12-25,"Kent and Medway",NA,NA,52
2020-12-26,"Kent and Medway",881,11102,52
2020-12-27,"Kent and Medway",NA,NA,53
2020-12-28,"Kent and Medway",NA,NA,53
2020-12-29,"Kent and Medway",NA,NA,53
2020-12-30,"Kent and Medway",NA,NA,53
2020-12-31,"Kent and Medway",NA,NA,53
2021-01-01,"Kent and Medway",NA,NA,53
2021-01-02,"Kent and Medway",846,13989,53
2021-01-03,"Kent and Medway",NA,NA,54
2021-01-04,"Kent and Medway",NA,NA,54
2021-01-05,"Kent and Medway",NA,NA,54
2021-01-06,"Kent and Medway",NA,NA,54
2021-01-07,"Kent and Medway",NA,NA,54
2021-01-08,"Kent and Medway",NA,NA,54
2021-01-09,"Kent and Medway",500,11858,54
2021-01-10,"Kent and Medway",NA,NA,55
2021-01-11,"Kent and Medway",NA,NA,55
2021-01-12,"Kent and Medway",NA,NA,55
2021-01-13,"Kent and Medway",NA,NA,55
2021-01-14,"Kent and Medway",NA,NA,55
2021-01-15,"Kent and Medway",NA,NA,55
2021-01-16,"Kent and Medway",318,8023,55
2021-01-17,"Kent and Medway",NA,NA,56
2021-01-18,"Kent and Medway",NA,NA,56
2021-01-19,"Kent and Medway",NA,NA,56
2021-01-20,"Kent and Medway",NA,NA,56
2021-01-21,"Kent and Medway",NA,NA,56
2021-01-22,"Kent and Medway",NA,NA,56
2021-01-23,"Kent and Medway",231,5942,56
2020-09-26,"Leicester, Leicestershire and Rutland",NA,NA,39
2020-09-27,"Leicester, Leicestershire and Rutland",NA,NA,40
2020-09-28,"Leicester, Leicestershire and Rutland",NA,NA,40
2020-09-29,"Leicester, Leicestershire and Rutland",NA,NA,40
2020-09-30,"Leicester, Leicestershire and Rutland",NA,NA,40
2020-10-01,"Leicester, Leicestershire and Rutland",NA,NA,40
2020-10-02,"Leicester, Leicestershire and Rutland",NA,NA,40
2020-10-03,"Leicester, Leicestershire and Rutland",NA,NA,40
2020-10-04,"Leicester, Leicestershire and Rutland",NA,NA,41
2020-10-05,"Leicester, Leicestershire and Rutland",NA,NA,41
2020-10-06,"Leicester, Leicestershire and Rutland",NA,NA,41
2020-10-07,"Leicester, Leicestershire and Rutland",NA,NA,41
2020-10-08,"Leicester, Leicestershire and Rutland",NA,NA,41
2020-10-09,"Leicester, Leicestershire and Rutland",NA,NA,41
2020-10-10,"Leicester, Leicestershire and Rutland",NA,NA,41
2020-10-11,"Leicester, Leicestershire and Rutland",NA,NA,42
2020-10-12,"Leicester, Leicestershire and Rutland",NA,NA,42
2020-10-13,"Leicester, Leicestershire and Rutland",NA,NA,42
2020-10-14,"Leicester, Leicestershire and Rutland",NA,NA,42
2020-10-15,"Leicester, Leicestershire and Rutland",NA,NA,42
2020-10-16,"Leicester, Leicestershire and Rutland",NA,NA,42
2020-10-17,"Leicester, Leicestershire and Rutland",NA,NA,42
2020-10-18,"Leicester, Leicestershire and Rutland",NA,NA,43
2020-10-19,"Leicester, Leicestershire and Rutland",NA,NA,43
2020-10-20,"Leicester, Leicestershire and Rutland",NA,NA,43
2020-10-21,"Leicester, Leicestershire and Rutland",NA,NA,43
2020-10-22,"Leicester, Leicestershire and Rutland",NA,NA,43
2020-10-23,"Leicester, Leicestershire and Rutland",NA,NA,43
2020-10-24,"Leicester, Leicestershire and Rutland",3052,3,43
2020-10-25,"Leicester, Leicestershire and Rutland",NA,NA,44
2020-10-26,"Leicester, Leicestershire and Rutland",NA,NA,44
2020-10-27,"Leicester, Leicestershire and Rutland",NA,NA,44
2020-10-28,"Leicester, Leicestershire and Rutland",NA,NA,44
2020-10-29,"Leicester, Leicestershire and Rutland",NA,NA,44
2020-10-30,"Leicester, Leicestershire and Rutland",NA,NA,44
2020-10-31,"Leicester, Leicestershire and Rutland",3130,7,44
2020-11-01,"Leicester, Leicestershire and Rutland",NA,NA,45
2020-11-02,"Leicester, Leicestershire and Rutland",NA,NA,45
2020-11-03,"Leicester, Leicestershire and Rutland",NA,NA,45
2020-11-04,"Leicester, Leicestershire and Rutland",NA,NA,45
2020-11-05,"Leicester, Leicestershire and Rutland",NA,NA,45
2020-11-06,"Leicester, Leicestershire and Rutland",NA,NA,45
2020-11-07,"Leicester, Leicestershire and Rutland",3744,9,45
2020-11-08,"Leicester, Leicestershire and Rutland",NA,NA,46
2020-11-09,"Leicester, Leicestershire and Rutland",NA,NA,46
2020-11-10,"Leicester, Leicestershire and Rutland",NA,NA,46
2020-11-11,"Leicester, Leicestershire and Rutland",NA,NA,46
2020-11-12,"Leicester, Leicestershire and Rutland",NA,NA,46
2020-11-13,"Leicester, Leicestershire and Rutland",NA,NA,46
2020-11-14,"Leicester, Leicestershire and Rutland",4399,27,46
2020-11-15,"Leicester, Leicestershire and Rutland",NA,NA,47
2020-11-16,"Leicester, Leicestershire and Rutland",NA,NA,47
2020-11-17,"Leicester, Leicestershire and Rutland",NA,NA,47
2020-11-18,"Leicester, Leicestershire and Rutland",NA,NA,47
2020-11-19,"Leicester, Leicestershire and Rutland",NA,NA,47
2020-11-20,"Leicester, Leicestershire and Rutland",NA,NA,47
2020-11-21,"Leicester, Leicestershire and Rutland",3080,56,47
2020-11-22,"Leicester, Leicestershire and Rutland",NA,NA,48
2020-11-23,"Leicester, Leicestershire and Rutland",NA,NA,48
2020-11-24,"Leicester, Leicestershire and Rutland",NA,NA,48
2020-11-25,"Leicester, Leicestershire and Rutland",NA,NA,48
2020-11-26,"Leicester, Leicestershire and Rutland",NA,NA,48
2020-11-27,"Leicester, Leicestershire and Rutland",NA,NA,48
2020-11-28,"Leicester, Leicestershire and Rutland",2000,45,48
2020-11-29,"Leicester, Leicestershire and Rutland",NA,NA,49
2020-11-30,"Leicester, Leicestershire and Rutland",NA,NA,49
2020-12-01,"Leicester, Leicestershire and Rutland",NA,NA,49
2020-12-02,"Leicester, Leicestershire and Rutland",NA,NA,49
2020-12-03,"Leicester, Leicestershire and Rutland",NA,NA,49
2020-12-04,"Leicester, Leicestershire and Rutland",NA,NA,49
2020-12-05,"Leicester, Leicestershire and Rutland",1655,98,49
2020-12-06,"Leicester, Leicestershire and Rutland",NA,NA,50
2020-12-07,"Leicester, Leicestershire and Rutland",NA,NA,50
2020-12-08,"Leicester, Leicestershire and Rutland",NA,NA,50
2020-12-09,"Leicester, Leicestershire and Rutland",NA,NA,50
2020-12-10,"Leicester, Leicestershire and Rutland",NA,NA,50
2020-12-11,"Leicester, Leicestershire and Rutland",NA,NA,50
2020-12-12,"Leicester, Leicestershire and Rutland",1642,146,50
2020-12-13,"Leicester, Leicestershire and Rutland",NA,NA,51
2020-12-14,"Leicester, Leicestershire and Rutland",NA,NA,51
2020-12-15,"Leicester, Leicestershire and Rutland",NA,NA,51
2020-12-16,"Leicester, Leicestershire and Rutland",NA,NA,51
2020-12-17,"Leicester, Leicestershire and Rutland",NA,NA,51
2020-12-18,"Leicester, Leicestershire and Rutland",NA,NA,51
2020-12-19,"Leicester, Leicestershire and Rutland",1966,279,51
2020-12-20,"Leicester, Leicestershire and Rutland",NA,NA,52
2020-12-21,"Leicester, Leicestershire and Rutland",NA,NA,52
2020-12-22,"Leicester, Leicestershire and Rutland",NA,NA,52
2020-12-23,"Leicester, Leicestershire and Rutland",NA,NA,52
2020-12-24,"Leicester, Leicestershire and Rutland",NA,NA,52
2020-12-25,"Leicester, Leicestershire and Rutland",NA,NA,52
2020-12-26,"Leicester, Leicestershire and Rutland",1648,860,52
2020-12-27,"Leicester, Leicestershire and Rutland",NA,NA,53
2020-12-28,"Leicester, Leicestershire and Rutland",NA,NA,53
2020-12-29,"Leicester, Leicestershire and Rutland",NA,NA,53
2020-12-30,"Leicester, Leicestershire and Rutland",NA,NA,53
2020-12-31,"Leicester, Leicestershire and Rutland",NA,NA,53
2021-01-01,"Leicester, Leicestershire and Rutland",NA,NA,53
2021-01-02,"Leicester, Leicestershire and Rutland",1781,2431,53
2021-01-03,"Leicester, Leicestershire and Rutland",NA,NA,54
2021-01-04,"Leicester, Leicestershire and Rutland",NA,NA,54
2021-01-05,"Leicester, Leicestershire and Rutland",NA,NA,54
2021-01-06,"Leicester, Leicestershire and Rutland",NA,NA,54
2021-01-07,"Leicester, Leicestershire and Rutland",NA,NA,54
2021-01-08,"Leicester, Leicestershire and Rutland",NA,NA,54
2021-01-09,"Leicester, Leicestershire and Rutland",1341,3015,54
2021-01-10,"Leicester, Leicestershire and Rutland",NA,NA,55
2021-01-11,"Leicester, Leicestershire and Rutland",NA,NA,55
2021-01-12,"Leicester, Leicestershire and Rutland",NA,NA,55
2021-01-13,"Leicester, Leicestershire and Rutland",NA,NA,55
2021-01-14,"Leicester, Leicestershire and Rutland",NA,NA,55
2021-01-15,"Leicester, Leicestershire and Rutland",NA,NA,55
2021-01-16,"Leicester, Leicestershire and Rutland",953,3109,55
2021-01-17,"Leicester, Leicestershire and Rutland",NA,NA,56
2021-01-18,"Leicester, Leicestershire and Rutland",NA,NA,56
2021-01-19,"Leicester, Leicestershire and Rutland",NA,NA,56
2021-01-20,"Leicester, Leicestershire and Rutland",NA,NA,56
2021-01-21,"Leicester, Leicestershire and Rutland",NA,NA,56
2021-01-22,"Leicester, Leicestershire and Rutland",NA,NA,56
2021-01-23,"Leicester, Leicestershire and Rutland",607,3218,56
2020-09-26,"Lincolnshire",NA,NA,39
2020-09-27,"Lincolnshire",NA,NA,40
2020-09-28,"Lincolnshire",NA,NA,40
2020-09-29,"Lincolnshire",NA,NA,40
2020-09-30,"Lincolnshire",NA,NA,40
2020-10-01,"Lincolnshire",NA,NA,40
2020-10-02,"Lincolnshire",NA,NA,40
2020-10-03,"Lincolnshire",NA,NA,40
2020-10-04,"Lincolnshire",NA,NA,41
2020-10-05,"Lincolnshire",NA,NA,41
2020-10-06,"Lincolnshire",NA,NA,41
2020-10-07,"Lincolnshire",NA,NA,41
2020-10-08,"Lincolnshire",NA,NA,41
2020-10-09,"Lincolnshire",NA,NA,41
2020-10-10,"Lincolnshire",NA,NA,41
2020-10-11,"Lincolnshire",NA,NA,42
2020-10-12,"Lincolnshire",NA,NA,42
2020-10-13,"Lincolnshire",NA,NA,42
2020-10-14,"Lincolnshire",NA,NA,42
2020-10-15,"Lincolnshire",NA,NA,42
2020-10-16,"Lincolnshire",NA,NA,42
2020-10-17,"Lincolnshire",NA,NA,42
2020-10-18,"Lincolnshire",NA,NA,43
2020-10-19,"Lincolnshire",NA,NA,43
2020-10-20,"Lincolnshire",NA,NA,43
2020-10-21,"Lincolnshire",NA,NA,43
2020-10-22,"Lincolnshire",NA,NA,43
2020-10-23,"Lincolnshire",NA,NA,43
2020-10-24,"Lincolnshire",1264,1,43
2020-10-25,"Lincolnshire",NA,NA,44
2020-10-26,"Lincolnshire",NA,NA,44
2020-10-27,"Lincolnshire",NA,NA,44
2020-10-28,"Lincolnshire",NA,NA,44
2020-10-29,"Lincolnshire",NA,NA,44
2020-10-30,"Lincolnshire",NA,NA,44
2020-10-31,"Lincolnshire",1368,1,44
2020-11-01,"Lincolnshire",NA,NA,45
2020-11-02,"Lincolnshire",NA,NA,45
2020-11-03,"Lincolnshire",NA,NA,45
2020-11-04,"Lincolnshire",NA,NA,45
2020-11-05,"Lincolnshire",NA,NA,45
2020-11-06,"Lincolnshire",NA,NA,45
2020-11-07,"Lincolnshire",1819,7,45
2020-11-08,"Lincolnshire",NA,NA,46
2020-11-09,"Lincolnshire",NA,NA,46
2020-11-10,"Lincolnshire",NA,NA,46
2020-11-11,"Lincolnshire",NA,NA,46
2020-11-12,"Lincolnshire",NA,NA,46
2020-11-13,"Lincolnshire",NA,NA,46
2020-11-14,"Lincolnshire",2399,21,46
2020-11-15,"Lincolnshire",NA,NA,47
2020-11-16,"Lincolnshire",NA,NA,47
2020-11-17,"Lincolnshire",NA,NA,47
2020-11-18,"Lincolnshire",NA,NA,47
2020-11-19,"Lincolnshire",NA,NA,47
2020-11-20,"Lincolnshire",NA,NA,47
2020-11-21,"Lincolnshire",1748,20,47
2020-11-22,"Lincolnshire",NA,NA,48
2020-11-23,"Lincolnshire",NA,NA,48
2020-11-24,"Lincolnshire",NA,NA,48
2020-11-25,"Lincolnshire",NA,NA,48
2020-11-26,"Lincolnshire",NA,NA,48
2020-11-27,"Lincolnshire",NA,NA,48
2020-11-28,"Lincolnshire",1542,32,48
2020-11-29,"Lincolnshire",NA,NA,49
2020-11-30,"Lincolnshire",NA,NA,49
2020-12-01,"Lincolnshire",NA,NA,49
2020-12-02,"Lincolnshire",NA,NA,49
2020-12-03,"Lincolnshire",NA,NA,49
2020-12-04,"Lincolnshire",NA,NA,49
2020-12-05,"Lincolnshire",1449,46,49
2020-12-06,"Lincolnshire",NA,NA,50
2020-12-07,"Lincolnshire",NA,NA,50
2020-12-08,"Lincolnshire",NA,NA,50
2020-12-09,"Lincolnshire",NA,NA,50
2020-12-10,"Lincolnshire",NA,NA,50
2020-12-11,"Lincolnshire",NA,NA,50
2020-12-12,"Lincolnshire",1616,79,50
2020-12-13,"Lincolnshire",NA,NA,51
2020-12-14,"Lincolnshire",NA,NA,51
2020-12-15,"Lincolnshire",NA,NA,51
2020-12-16,"Lincolnshire",NA,NA,51
2020-12-17,"Lincolnshire",NA,NA,51
2020-12-18,"Lincolnshire",NA,NA,51
2020-12-19,"Lincolnshire",1424,242,51
2020-12-20,"Lincolnshire",NA,NA,52
2020-12-21,"Lincolnshire",NA,NA,52
2020-12-22,"Lincolnshire",NA,NA,52
2020-12-23,"Lincolnshire",NA,NA,52
2020-12-24,"Lincolnshire",NA,NA,52
2020-12-25,"Lincolnshire",NA,NA,52
2020-12-26,"Lincolnshire",1341,392,52
2020-12-27,"Lincolnshire",NA,NA,53
2020-12-28,"Lincolnshire",NA,NA,53
2020-12-29,"Lincolnshire",NA,NA,53
2020-12-30,"Lincolnshire",NA,NA,53
2020-12-31,"Lincolnshire",NA,NA,53
2021-01-01,"Lincolnshire",NA,NA,53
2021-01-02,"Lincolnshire",1249,910,53
2021-01-03,"Lincolnshire",NA,NA,54
2021-01-04,"Lincolnshire",NA,NA,54
2021-01-05,"Lincolnshire",NA,NA,54
2021-01-06,"Lincolnshire",NA,NA,54
2021-01-07,"Lincolnshire",NA,NA,54
2021-01-08,"Lincolnshire",NA,NA,54
2021-01-09,"Lincolnshire",751,1119,54
2021-01-10,"Lincolnshire",NA,NA,55
2021-01-11,"Lincolnshire",NA,NA,55
2021-01-12,"Lincolnshire",NA,NA,55
2021-01-13,"Lincolnshire",NA,NA,55
2021-01-14,"Lincolnshire",NA,NA,55
2021-01-15,"Lincolnshire",NA,NA,55
2021-01-16,"Lincolnshire",503,1169,55
2021-01-17,"Lincolnshire",NA,NA,56
2021-01-18,"Lincolnshire",NA,NA,56
2021-01-19,"Lincolnshire",NA,NA,56
2021-01-20,"Lincolnshire",NA,NA,56
2021-01-21,"Lincolnshire",NA,NA,56
2021-01-22,"Lincolnshire",NA,NA,56
2021-01-23,"Lincolnshire",260,1217,56
2020-09-26,"London",NA,NA,39
2020-09-27,"London",NA,NA,40
2020-09-28,"London",NA,NA,40
2020-09-29,"London",NA,NA,40
2020-09-30,"London",NA,NA,40
2020-10-01,"London",NA,NA,40
2020-10-02,"London",NA,NA,40
2020-10-03,"London",NA,NA,40
2020-10-04,"London",NA,NA,41
2020-10-05,"London",NA,NA,41
2020-10-06,"London",NA,NA,41
2020-10-07,"London",NA,NA,41
2020-10-08,"London",NA,NA,41
2020-10-09,"London",NA,NA,41
2020-10-10,"London",NA,NA,41
2020-10-11,"London",NA,NA,42
2020-10-12,"London",NA,NA,42
2020-10-13,"London",NA,NA,42
2020-10-14,"London",NA,NA,42
2020-10-15,"London",NA,NA,42
2020-10-16,"London",NA,NA,42
2020-10-17,"London",NA,NA,42
2020-10-18,"London",NA,NA,43
2020-10-19,"London",NA,NA,43
2020-10-20,"London",NA,NA,43
2020-10-21,"London",NA,NA,43
2020-10-22,"London",NA,NA,43
2020-10-23,"London",NA,NA,43
2020-10-24,"London",12446,83,43
2020-10-25,"London",NA,NA,44
2020-10-26,"London",NA,NA,44
2020-10-27,"London",NA,NA,44
2020-10-28,"London",NA,NA,44
2020-10-29,"London",NA,NA,44
2020-10-30,"London",NA,NA,44
2020-10-31,"London",11415,232,44
2020-11-01,"London",NA,NA,45
2020-11-02,"London",NA,NA,45
2020-11-03,"London",NA,NA,45
2020-11-04,"London",NA,NA,45
2020-11-05,"London",NA,NA,45
2020-11-06,"London",NA,NA,45
2020-11-07,"London",12110,596,45
2020-11-08,"London",NA,NA,46
2020-11-09,"London",NA,NA,46
2020-11-10,"London",NA,NA,46
2020-11-11,"London",NA,NA,46
2020-11-12,"London",NA,NA,46
2020-11-13,"London",NA,NA,46
2020-11-14,"London",14480,1672,46
2020-11-15,"London",NA,NA,47
2020-11-16,"London",NA,NA,47
2020-11-17,"London",NA,NA,47
2020-11-18,"London",NA,NA,47
2020-11-19,"London",NA,NA,47
2020-11-20,"London",NA,NA,47
2020-11-21,"London",11490,2426,47
2020-11-22,"London",NA,NA,48
2020-11-23,"London",NA,NA,48
2020-11-24,"London",NA,NA,48
2020-11-25,"London",NA,NA,48
2020-11-26,"London",NA,NA,48
2020-11-27,"London",NA,NA,48
2020-11-28,"London",8541,4030,48
2020-11-29,"London",NA,NA,49
2020-11-30,"London",NA,NA,49
2020-12-01,"London",NA,NA,49
2020-12-02,"London",NA,NA,49
2020-12-03,"London",NA,NA,49
2020-12-04,"London",NA,NA,49
2020-12-05,"London",8102,7384,49
2020-12-06,"London",NA,NA,50
2020-12-07,"London",NA,NA,50
2020-12-08,"London",NA,NA,50
2020-12-09,"London",NA,NA,50
2020-12-10,"London",NA,NA,50
2020-12-11,"London",NA,NA,50
2020-12-12,"London",9281,17291,50
2020-12-13,"London",NA,NA,51
2020-12-14,"London",NA,NA,51
2020-12-15,"London",NA,NA,51
2020-12-16,"London",NA,NA,51
2020-12-17,"London",NA,NA,51
2020-12-18,"London",NA,NA,51
2020-12-19,"London",12143,43203,51
2020-12-20,"London",NA,NA,52
2020-12-21,"London",NA,NA,52
2020-12-22,"London",NA,NA,52
2020-12-23,"London",NA,NA,52
2020-12-24,"London",NA,NA,52
2020-12-25,"London",NA,NA,52
2020-12-26,"London",8850,58213,52
2020-12-27,"London",NA,NA,53
2020-12-28,"London",NA,NA,53
2020-12-29,"London",NA,NA,53
2020-12-30,"London",NA,NA,53
2020-12-31,"London",NA,NA,53
2021-01-01,"London",NA,NA,53
2021-01-02,"London",7768,78212,53
2021-01-03,"London",NA,NA,54
2021-01-04,"London",NA,NA,54
2021-01-05,"London",NA,NA,54
2021-01-06,"London",NA,NA,54
2021-01-07,"London",NA,NA,54
2021-01-08,"London",NA,NA,54
2021-01-09,"London",4844,76236,54
2021-01-10,"London",NA,NA,55
2021-01-11,"London",NA,NA,55
2021-01-12,"London",NA,NA,55
2021-01-13,"London",NA,NA,55
2021-01-14,"London",NA,NA,55
2021-01-15,"London",NA,NA,55
2021-01-16,"London",2838,51573,55
2021-01-17,"London",NA,NA,56
2021-01-18,"London",NA,NA,56
2021-01-19,"London",NA,NA,56
2021-01-20,"London",NA,NA,56
2021-01-21,"London",NA,NA,56
2021-01-22,"London",NA,NA,56
2021-01-23,"London",1492,36154,56
2020-09-26,"Mid and South Essex",NA,NA,39
2020-09-27,"Mid and South Essex",NA,NA,40
2020-09-28,"Mid and South Essex",NA,NA,40
2020-09-29,"Mid and South Essex",NA,NA,40
2020-09-30,"Mid and South Essex",NA,NA,40
2020-10-01,"Mid and South Essex",NA,NA,40
2020-10-02,"Mid and South Essex",NA,NA,40
2020-10-03,"Mid and South Essex",NA,NA,40
2020-10-04,"Mid and South Essex",NA,NA,41
2020-10-05,"Mid and South Essex",NA,NA,41
2020-10-06,"Mid and South Essex",NA,NA,41
2020-10-07,"Mid and South Essex",NA,NA,41
2020-10-08,"Mid and South Essex",NA,NA,41
2020-10-09,"Mid and South Essex",NA,NA,41
2020-10-10,"Mid and South Essex",NA,NA,41
2020-10-11,"Mid and South Essex",NA,NA,42
2020-10-12,"Mid and South Essex",NA,NA,42
2020-10-13,"Mid and South Essex",NA,NA,42
2020-10-14,"Mid and South Essex",NA,NA,42
2020-10-15,"Mid and South Essex",NA,NA,42
2020-10-16,"Mid and South Essex",NA,NA,42
2020-10-17,"Mid and South Essex",NA,NA,42
2020-10-18,"Mid and South Essex",NA,NA,43
2020-10-19,"Mid and South Essex",NA,NA,43
2020-10-20,"Mid and South Essex",NA,NA,43
2020-10-21,"Mid and South Essex",NA,NA,43
2020-10-22,"Mid and South Essex",NA,NA,43
2020-10-23,"Mid and South Essex",NA,NA,43
2020-10-24,"Mid and South Essex",1111,5,43
2020-10-25,"Mid and South Essex",NA,NA,44
2020-10-26,"Mid and South Essex",NA,NA,44
2020-10-27,"Mid and South Essex",NA,NA,44
2020-10-28,"Mid and South Essex",NA,NA,44
2020-10-29,"Mid and South Essex",NA,NA,44
2020-10-30,"Mid and South Essex",NA,NA,44
2020-10-31,"Mid and South Essex",1000,24,44
2020-11-01,"Mid and South Essex",NA,NA,45
2020-11-02,"Mid and South Essex",NA,NA,45
2020-11-03,"Mid and South Essex",NA,NA,45
2020-11-04,"Mid and South Essex",NA,NA,45
2020-11-05,"Mid and South Essex",NA,NA,45
2020-11-06,"Mid and South Essex",NA,NA,45
2020-11-07,"Mid and South Essex",1160,87,45
2020-11-08,"Mid and South Essex",NA,NA,46
2020-11-09,"Mid and South Essex",NA,NA,46
2020-11-10,"Mid and South Essex",NA,NA,46
2020-11-11,"Mid and South Essex",NA,NA,46
2020-11-12,"Mid and South Essex",NA,NA,46
2020-11-13,"Mid and South Essex",NA,NA,46
2020-11-14,"Mid and South Essex",1562,325,46
2020-11-15,"Mid and South Essex",NA,NA,47
2020-11-16,"Mid and South Essex",NA,NA,47
2020-11-17,"Mid and South Essex",NA,NA,47
2020-11-18,"Mid and South Essex",NA,NA,47
2020-11-19,"Mid and South Essex",NA,NA,47
2020-11-20,"Mid and South Essex",NA,NA,47
2020-11-21,"Mid and South Essex",1200,544,47
2020-11-22,"Mid and South Essex",NA,NA,48
2020-11-23,"Mid and South Essex",NA,NA,48
2020-11-24,"Mid and South Essex",NA,NA,48
2020-11-25,"Mid and South Essex",NA,NA,48
2020-11-26,"Mid and South Essex",NA,NA,48
2020-11-27,"Mid and South Essex",NA,NA,48
2020-11-28,"Mid and South Essex",856,823,48
2020-11-29,"Mid and South Essex",NA,NA,49
2020-11-30,"Mid and South Essex",NA,NA,49
2020-12-01,"Mid and South Essex",NA,NA,49
2020-12-02,"Mid and South Essex",NA,NA,49
2020-12-03,"Mid and South Essex",NA,NA,49
2020-12-04,"Mid and South Essex",NA,NA,49
2020-12-05,"Mid and South Essex",869,1358,49
2020-12-06,"Mid and South Essex",NA,NA,50
2020-12-07,"Mid and South Essex",NA,NA,50
2020-12-08,"Mid and South Essex",NA,NA,50
2020-12-09,"Mid and South Essex",NA,NA,50
2020-12-10,"Mid and South Essex",NA,NA,50
2020-12-11,"Mid and South Essex",NA,NA,50
2020-12-12,"Mid and South Essex",1125,3774,50
2020-12-13,"Mid and South Essex",NA,NA,51
2020-12-14,"Mid and South Essex",NA,NA,51
2020-12-15,"Mid and South Essex",NA,NA,51
2020-12-16,"Mid and South Essex",NA,NA,51
2020-12-17,"Mid and South Essex",NA,NA,51
2020-12-18,"Mid and South Essex",NA,NA,51
2020-12-19,"Mid and South Essex",1665,9076,51
2020-12-20,"Mid and South Essex",NA,NA,52
2020-12-21,"Mid and South Essex",NA,NA,52
2020-12-22,"Mid and South Essex",NA,NA,52
2020-12-23,"Mid and South Essex",NA,NA,52
2020-12-24,"Mid and South Essex",NA,NA,52
2020-12-25,"Mid and South Essex",NA,NA,52
2020-12-26,"Mid and South Essex",1064,10098,52
2020-12-27,"Mid and South Essex",NA,NA,53
2020-12-28,"Mid and South Essex",NA,NA,53
2020-12-29,"Mid and South Essex",NA,NA,53
2020-12-30,"Mid and South Essex",NA,NA,53
2020-12-31,"Mid and South Essex",NA,NA,53
2021-01-01,"Mid and South Essex",NA,NA,53
2021-01-02,"Mid and South Essex",926,13055,53
2021-01-03,"Mid and South Essex",NA,NA,54
2021-01-04,"Mid and South Essex",NA,NA,54
2021-01-05,"Mid and South Essex",NA,NA,54
2021-01-06,"Mid and South Essex",NA,NA,54
2021-01-07,"Mid and South Essex",NA,NA,54
2021-01-08,"Mid and South Essex",NA,NA,54
2021-01-09,"Mid and South Essex",592,9666,54
2021-01-10,"Mid and South Essex",NA,NA,55
2021-01-11,"Mid and South Essex",NA,NA,55
2021-01-12,"Mid and South Essex",NA,NA,55
2021-01-13,"Mid and South Essex",NA,NA,55
2021-01-14,"Mid and South Essex",NA,NA,55
2021-01-15,"Mid and South Essex",NA,NA,55
2021-01-16,"Mid and South Essex",281,5919,55
2021-01-17,"Mid and South Essex",NA,NA,56
2021-01-18,"Mid and South Essex",NA,NA,56
2021-01-19,"Mid and South Essex",NA,NA,56
2021-01-20,"Mid and South Essex",NA,NA,56
2021-01-21,"Mid and South Essex",NA,NA,56
2021-01-22,"Mid and South Essex",NA,NA,56
2021-01-23,"Mid and South Essex",186,3942,56
2020-09-26,"Midlands",NA,NA,39
2020-09-27,"Midlands",NA,NA,40
2020-09-28,"Midlands",NA,NA,40
2020-09-29,"Midlands",NA,NA,40
2020-09-30,"Midlands",NA,NA,40
2020-10-01,"Midlands",NA,NA,40
2020-10-02,"Midlands",NA,NA,40
2020-10-03,"Midlands",NA,NA,40
2020-10-04,"Midlands",NA,NA,41
2020-10-05,"Midlands",NA,NA,41
2020-10-06,"Midlands",NA,NA,41
2020-10-07,"Midlands",NA,NA,41
2020-10-08,"Midlands",NA,NA,41
2020-10-09,"Midlands",NA,NA,41
2020-10-10,"Midlands",NA,NA,41
2020-10-11,"Midlands",NA,NA,42
2020-10-12,"Midlands",NA,NA,42
2020-10-13,"Midlands",NA,NA,42
2020-10-14,"Midlands",NA,NA,42
2020-10-15,"Midlands",NA,NA,42
2020-10-16,"Midlands",NA,NA,42
2020-10-17,"Midlands",NA,NA,42
2020-10-18,"Midlands",NA,NA,43
2020-10-19,"Midlands",NA,NA,43
2020-10-20,"Midlands",NA,NA,43
2020-10-21,"Midlands",NA,NA,43
2020-10-22,"Midlands",NA,NA,43
2020-10-23,"Midlands",NA,NA,43
2020-10-24,"Midlands",37704,18,43
2020-10-25,"Midlands",NA,NA,44
2020-10-26,"Midlands",NA,NA,44
2020-10-27,"Midlands",NA,NA,44
2020-10-28,"Midlands",NA,NA,44
2020-10-29,"Midlands",NA,NA,44
2020-10-30,"Midlands",NA,NA,44
2020-10-31,"Midlands",40810,52,44
2020-11-01,"Midlands",NA,NA,45
2020-11-02,"Midlands",NA,NA,45
2020-11-03,"Midlands",NA,NA,45
2020-11-04,"Midlands",NA,NA,45
2020-11-05,"Midlands",NA,NA,45
2020-11-06,"Midlands",NA,NA,45
2020-11-07,"Midlands",43626,132,45
2020-11-08,"Midlands",NA,NA,46
2020-11-09,"Midlands",NA,NA,46
2020-11-10,"Midlands",NA,NA,46
2020-11-11,"Midlands",NA,NA,46
2020-11-12,"Midlands",NA,NA,46
2020-11-13,"Midlands",NA,NA,46
2020-11-14,"Midlands",44704,319,46
2020-11-15,"Midlands",NA,NA,47
2020-11-16,"Midlands",NA,NA,47
2020-11-17,"Midlands",NA,NA,47
2020-11-18,"Midlands",NA,NA,47
2020-11-19,"Midlands",NA,NA,47
2020-11-20,"Midlands",NA,NA,47
2020-11-21,"Midlands",32106,389,47
2020-11-22,"Midlands",NA,NA,48
2020-11-23,"Midlands",NA,NA,48
2020-11-24,"Midlands",NA,NA,48
2020-11-25,"Midlands",NA,NA,48
2020-11-26,"Midlands",NA,NA,48
2020-11-27,"Midlands",NA,NA,48
2020-11-28,"Midlands",21716,544,48
2020-11-29,"Midlands",NA,NA,49
2020-11-30,"Midlands",NA,NA,49
2020-12-01,"Midlands",NA,NA,49
2020-12-02,"Midlands",NA,NA,49
2020-12-03,"Midlands",NA,NA,49
2020-12-04,"Midlands",NA,NA,49
2020-12-05,"Midlands",17471,1017,49
2020-12-06,"Midlands",NA,NA,50
2020-12-07,"Midlands",NA,NA,50
2020-12-08,"Midlands",NA,NA,50
2020-12-09,"Midlands",NA,NA,50
2020-12-10,"Midlands",NA,NA,50
2020-12-11,"Midlands",NA,NA,50
2020-12-12,"Midlands",18118,2505,50
2020-12-13,"Midlands",NA,NA,51
2020-12-14,"Midlands",NA,NA,51
2020-12-15,"Midlands",NA,NA,51
2020-12-16,"Midlands",NA,NA,51
2020-12-17,"Midlands",NA,NA,51
2020-12-18,"Midlands",NA,NA,51
2020-12-19,"Midlands",19269,6409,51
2020-12-20,"Midlands",NA,NA,52
2020-12-21,"Midlands",NA,NA,52
2020-12-22,"Midlands",NA,NA,52
2020-12-23,"Midlands",NA,NA,52
2020-12-24,"Midlands",NA,NA,52
2020-12-25,"Midlands",NA,NA,52
2020-12-26,"Midlands",16563,13983,52
2020-12-27,"Midlands",NA,NA,53
2020-12-28,"Midlands",NA,NA,53
2020-12-29,"Midlands",NA,NA,53
2020-12-30,"Midlands",NA,NA,53
2020-12-31,"Midlands",NA,NA,53
2021-01-01,"Midlands",NA,NA,53
2021-01-02,"Midlands",20504,36087,53
2021-01-03,"Midlands",NA,NA,54
2021-01-04,"Midlands",NA,NA,54
2021-01-05,"Midlands",NA,NA,54
2021-01-06,"Midlands",NA,NA,54
2021-01-07,"Midlands",NA,NA,54
2021-01-08,"Midlands",NA,NA,54
2021-01-09,"Midlands",15809,48627,54
2021-01-10,"Midlands",NA,NA,55
2021-01-11,"Midlands",NA,NA,55
2021-01-12,"Midlands",NA,NA,55
2021-01-13,"Midlands",NA,NA,55
2021-01-14,"Midlands",NA,NA,55
2021-01-15,"Midlands",NA,NA,55
2021-01-16,"Midlands",10144,46717,55
2021-01-17,"Midlands",NA,NA,56
2021-01-18,"Midlands",NA,NA,56
2021-01-19,"Midlands",NA,NA,56
2021-01-20,"Midlands",NA,NA,56
2021-01-21,"Midlands",NA,NA,56
2021-01-22,"Midlands",NA,NA,56
2021-01-23,"Midlands",5839,42206,56
2020-09-26,"Norfolk and Waveney Health and Care Partnership",NA,NA,39
2020-09-27,"Norfolk and Waveney Health and Care Partnership",NA,NA,40
2020-09-28,"Norfolk and Waveney Health and Care Partnership",NA,NA,40
2020-09-29,"Norfolk and Waveney Health and Care Partnership",NA,NA,40
2020-09-30,"Norfolk and Waveney Health and Care Partnership",NA,NA,40
2020-10-01,"Norfolk and Waveney Health and Care Partnership",NA,NA,40
2020-10-02,"Norfolk and Waveney Health and Care Partnership",NA,NA,40
2020-10-03,"Norfolk and Waveney Health and Care Partnership",NA,NA,40
2020-10-04,"Norfolk and Waveney Health and Care Partnership",NA,NA,41
2020-10-05,"Norfolk and Waveney Health and Care Partnership",NA,NA,41
2020-10-06,"Norfolk and Waveney Health and Care Partnership",NA,NA,41
2020-10-07,"Norfolk and Waveney Health and Care Partnership",NA,NA,41
2020-10-08,"Norfolk and Waveney Health and Care Partnership",NA,NA,41
2020-10-09,"Norfolk and Waveney Health and Care Partnership",NA,NA,41
2020-10-10,"Norfolk and Waveney Health and Care Partnership",NA,NA,41
2020-10-11,"Norfolk and Waveney Health and Care Partnership",NA,NA,42
2020-10-12,"Norfolk and Waveney Health and Care Partnership",NA,NA,42
2020-10-13,"Norfolk and Waveney Health and Care Partnership",NA,NA,42
2020-10-14,"Norfolk and Waveney Health and Care Partnership",NA,NA,42
2020-10-15,"Norfolk and Waveney Health and Care Partnership",NA,NA,42
2020-10-16,"Norfolk and Waveney Health and Care Partnership",NA,NA,42
2020-10-17,"Norfolk and Waveney Health and Care Partnership",NA,NA,42
2020-10-18,"Norfolk and Waveney Health and Care Partnership",NA,NA,43
2020-10-19,"Norfolk and Waveney Health and Care Partnership",NA,NA,43
2020-10-20,"Norfolk and Waveney Health and Care Partnership",NA,NA,43
2020-10-21,"Norfolk and Waveney Health and Care Partnership",NA,NA,43
2020-10-22,"Norfolk and Waveney Health and Care Partnership",NA,NA,43
2020-10-23,"Norfolk and Waveney Health and Care Partnership",NA,NA,43
2020-10-24,"Norfolk and Waveney Health and Care Partnership",693,5,43
2020-10-25,"Norfolk and Waveney Health and Care Partnership",NA,NA,44
2020-10-26,"Norfolk and Waveney Health and Care Partnership",NA,NA,44
2020-10-27,"Norfolk and Waveney Health and Care Partnership",NA,NA,44
2020-10-28,"Norfolk and Waveney Health and Care Partnership",NA,NA,44
2020-10-29,"Norfolk and Waveney Health and Care Partnership",NA,NA,44
2020-10-30,"Norfolk and Waveney Health and Care Partnership",NA,NA,44
2020-10-31,"Norfolk and Waveney Health and Care Partnership",815,7,44
2020-11-01,"Norfolk and Waveney Health and Care Partnership",NA,NA,45
2020-11-02,"Norfolk and Waveney Health and Care Partnership",NA,NA,45
2020-11-03,"Norfolk and Waveney Health and Care Partnership",NA,NA,45
2020-11-04,"Norfolk and Waveney Health and Care Partnership",NA,NA,45
2020-11-05,"Norfolk and Waveney Health and Care Partnership",NA,NA,45
2020-11-06,"Norfolk and Waveney Health and Care Partnership",NA,NA,45
2020-11-07,"Norfolk and Waveney Health and Care Partnership",992,30,45
2020-11-08,"Norfolk and Waveney Health and Care Partnership",NA,NA,46
2020-11-09,"Norfolk and Waveney Health and Care Partnership",NA,NA,46
2020-11-10,"Norfolk and Waveney Health and Care Partnership",NA,NA,46
2020-11-11,"Norfolk and Waveney Health and Care Partnership",NA,NA,46
2020-11-12,"Norfolk and Waveney Health and Care Partnership",NA,NA,46
2020-11-13,"Norfolk and Waveney Health and Care Partnership",NA,NA,46
2020-11-14,"Norfolk and Waveney Health and Care Partnership",1232,139,46
2020-11-15,"Norfolk and Waveney Health and Care Partnership",NA,NA,47
2020-11-16,"Norfolk and Waveney Health and Care Partnership",NA,NA,47
2020-11-17,"Norfolk and Waveney Health and Care Partnership",NA,NA,47
2020-11-18,"Norfolk and Waveney Health and Care Partnership",NA,NA,47
2020-11-19,"Norfolk and Waveney Health and Care Partnership",NA,NA,47
2020-11-20,"Norfolk and Waveney Health and Care Partnership",NA,NA,47
2020-11-21,"Norfolk and Waveney Health and Care Partnership",813,166,47
2020-11-22,"Norfolk and Waveney Health and Care Partnership",NA,NA,48
2020-11-23,"Norfolk and Waveney Health and Care Partnership",NA,NA,48
2020-11-24,"Norfolk and Waveney Health and Care Partnership",NA,NA,48
2020-11-25,"Norfolk and Waveney Health and Care Partnership",NA,NA,48
2020-11-26,"Norfolk and Waveney Health and Care Partnership",NA,NA,48
2020-11-27,"Norfolk and Waveney Health and Care Partnership",NA,NA,48
2020-11-28,"Norfolk and Waveney Health and Care Partnership",570,217,48
2020-11-29,"Norfolk and Waveney Health and Care Partnership",NA,NA,49
2020-11-30,"Norfolk and Waveney Health and Care Partnership",NA,NA,49
2020-12-01,"Norfolk and Waveney Health and Care Partnership",NA,NA,49
2020-12-02,"Norfolk and Waveney Health and Care Partnership",NA,NA,49
2020-12-03,"Norfolk and Waveney Health and Care Partnership",NA,NA,49
2020-12-04,"Norfolk and Waveney Health and Care Partnership",NA,NA,49
2020-12-05,"Norfolk and Waveney Health and Care Partnership",538,313,49
2020-12-06,"Norfolk and Waveney Health and Care Partnership",NA,NA,50
2020-12-07,"Norfolk and Waveney Health and Care Partnership",NA,NA,50
2020-12-08,"Norfolk and Waveney Health and Care Partnership",NA,NA,50
2020-12-09,"Norfolk and Waveney Health and Care Partnership",NA,NA,50
2020-12-10,"Norfolk and Waveney Health and Care Partnership",NA,NA,50
2020-12-11,"Norfolk and Waveney Health and Care Partnership",NA,NA,50
2020-12-12,"Norfolk and Waveney Health and Care Partnership",761,283,50
2020-12-13,"Norfolk and Waveney Health and Care Partnership",NA,NA,51
2020-12-14,"Norfolk and Waveney Health and Care Partnership",NA,NA,51
2020-12-15,"Norfolk and Waveney Health and Care Partnership",NA,NA,51
2020-12-16,"Norfolk and Waveney Health and Care Partnership",NA,NA,51
2020-12-17,"Norfolk and Waveney Health and Care Partnership",NA,NA,51
2020-12-18,"Norfolk and Waveney Health and Care Partnership",NA,NA,51
2020-12-19,"Norfolk and Waveney Health and Care Partnership",836,1015,51
2020-12-20,"Norfolk and Waveney Health and Care Partnership",NA,NA,52
2020-12-21,"Norfolk and Waveney Health and Care Partnership",NA,NA,52
2020-12-22,"Norfolk and Waveney Health and Care Partnership",NA,NA,52
2020-12-23,"Norfolk and Waveney Health and Care Partnership",NA,NA,52
2020-12-24,"Norfolk and Waveney Health and Care Partnership",NA,NA,52
2020-12-25,"Norfolk and Waveney Health and Care Partnership",NA,NA,52
2020-12-26,"Norfolk and Waveney Health and Care Partnership",804,1830,52
2020-12-27,"Norfolk and Waveney Health and Care Partnership",NA,NA,53
2020-12-28,"Norfolk and Waveney Health and Care Partnership",NA,NA,53
2020-12-29,"Norfolk and Waveney Health and Care Partnership",NA,NA,53
2020-12-30,"Norfolk and Waveney Health and Care Partnership",NA,NA,53
2020-12-31,"Norfolk and Waveney Health and Care Partnership",NA,NA,53
2021-01-01,"Norfolk and Waveney Health and Care Partnership",NA,NA,53
2021-01-02,"Norfolk and Waveney Health and Care Partnership",1103,3915,53
2021-01-03,"Norfolk and Waveney Health and Care Partnership",NA,NA,54
2021-01-04,"Norfolk and Waveney Health and Care Partnership",NA,NA,54
2021-01-05,"Norfolk and Waveney Health and Care Partnership",NA,NA,54
2021-01-06,"Norfolk and Waveney Health and Care Partnership",NA,NA,54
2021-01-07,"Norfolk and Waveney Health and Care Partnership",NA,NA,54
2021-01-08,"Norfolk and Waveney Health and Care Partnership",NA,NA,54
2021-01-09,"Norfolk and Waveney Health and Care Partnership",675,4044,54
2021-01-10,"Norfolk and Waveney Health and Care Partnership",NA,NA,55
2021-01-11,"Norfolk and Waveney Health and Care Partnership",NA,NA,55
2021-01-12,"Norfolk and Waveney Health and Care Partnership",NA,NA,55
2021-01-13,"Norfolk and Waveney Health and Care Partnership",NA,NA,55
2021-01-14,"Norfolk and Waveney Health and Care Partnership",NA,NA,55
2021-01-15,"Norfolk and Waveney Health and Care Partnership",NA,NA,55
2021-01-16,"Norfolk and Waveney Health and Care Partnership",231,3920,55
2021-01-17,"Norfolk and Waveney Health and Care Partnership",NA,NA,56
2021-01-18,"Norfolk and Waveney Health and Care Partnership",NA,NA,56
2021-01-19,"Norfolk and Waveney Health and Care Partnership",NA,NA,56
2021-01-20,"Norfolk and Waveney Health and Care Partnership",NA,NA,56
2021-01-21,"Norfolk and Waveney Health and Care Partnership",NA,NA,56
2021-01-22,"Norfolk and Waveney Health and Care Partnership",NA,NA,56
2021-01-23,"Norfolk and Waveney Health and Care Partnership",132,3305,56
2020-09-26,"North East and Yorkshire",NA,NA,39
2020-09-27,"North East and Yorkshire",NA,NA,40
2020-09-28,"North East and Yorkshire",NA,NA,40
2020-09-29,"North East and Yorkshire",NA,NA,40
2020-09-30,"North East and Yorkshire",NA,NA,40
2020-10-01,"North East and Yorkshire",NA,NA,40
2020-10-02,"North East and Yorkshire",NA,NA,40
2020-10-03,"North East and Yorkshire",NA,NA,40
2020-10-04,"North East and Yorkshire",NA,NA,41
2020-10-05,"North East and Yorkshire",NA,NA,41
2020-10-06,"North East and Yorkshire",NA,NA,41
2020-10-07,"North East and Yorkshire",NA,NA,41
2020-10-08,"North East and Yorkshire",NA,NA,41
2020-10-09,"North East and Yorkshire",NA,NA,41
2020-10-10,"North East and Yorkshire",NA,NA,41
2020-10-11,"North East and Yorkshire",NA,NA,42
2020-10-12,"North East and Yorkshire",NA,NA,42
2020-10-13,"North East and Yorkshire",NA,NA,42
2020-10-14,"North East and Yorkshire",NA,NA,42
2020-10-15,"North East and Yorkshire",NA,NA,42
2020-10-16,"North East and Yorkshire",NA,NA,42
2020-10-17,"North East and Yorkshire",NA,NA,42
2020-10-18,"North East and Yorkshire",NA,NA,43
2020-10-19,"North East and Yorkshire",NA,NA,43
2020-10-20,"North East and Yorkshire",NA,NA,43
2020-10-21,"North East and Yorkshire",NA,NA,43
2020-10-22,"North East and Yorkshire",NA,NA,43
2020-10-23,"North East and Yorkshire",NA,NA,43
2020-10-24,"North East and Yorkshire",34300,11,43
2020-10-25,"North East and Yorkshire",NA,NA,44
2020-10-26,"North East and Yorkshire",NA,NA,44
2020-10-27,"North East and Yorkshire",NA,NA,44
2020-10-28,"North East and Yorkshire",NA,NA,44
2020-10-29,"North East and Yorkshire",NA,NA,44
2020-10-30,"North East and Yorkshire",NA,NA,44
2020-10-31,"North East and Yorkshire",33678,30,44
2020-11-01,"North East and Yorkshire",NA,NA,45
2020-11-02,"North East and Yorkshire",NA,NA,45
2020-11-03,"North East and Yorkshire",NA,NA,45
2020-11-04,"North East and Yorkshire",NA,NA,45
2020-11-05,"North East and Yorkshire",NA,NA,45
2020-11-06,"North East and Yorkshire",NA,NA,45
2020-11-07,"North East and Yorkshire",37620,88,45
2020-11-08,"North East and Yorkshire",NA,NA,46
2020-11-09,"North East and Yorkshire",NA,NA,46
2020-11-10,"North East and Yorkshire",NA,NA,46
2020-11-11,"North East and Yorkshire",NA,NA,46
2020-11-12,"North East and Yorkshire",NA,NA,46
2020-11-13,"North East and Yorkshire",NA,NA,46
2020-11-14,"North East and Yorkshire",36382,211,46
2020-11-15,"North East and Yorkshire",NA,NA,47
2020-11-16,"North East and Yorkshire",NA,NA,47
2020-11-17,"North East and Yorkshire",NA,NA,47
2020-11-18,"North East and Yorkshire",NA,NA,47
2020-11-19,"North East and Yorkshire",NA,NA,47
2020-11-20,"North East and Yorkshire",NA,NA,47
2020-11-21,"North East and Yorkshire",25141,293,47
2020-11-22,"North East and Yorkshire",NA,NA,48
2020-11-23,"North East and Yorkshire",NA,NA,48
2020-11-24,"North East and Yorkshire",NA,NA,48
2020-11-25,"North East and Yorkshire",NA,NA,48
2020-11-26,"North East and Yorkshire",NA,NA,48
2020-11-27,"North East and Yorkshire",NA,NA,48
2020-11-28,"North East and Yorkshire",15870,356,48
2020-11-29,"North East and Yorkshire",NA,NA,49
2020-11-30,"North East and Yorkshire",NA,NA,49
2020-12-01,"North East and Yorkshire",NA,NA,49
2020-12-02,"North East and Yorkshire",NA,NA,49
2020-12-03,"North East and Yorkshire",NA,NA,49
2020-12-04,"North East and Yorkshire",NA,NA,49
2020-12-05,"North East and Yorkshire",12691,548,49
2020-12-06,"North East and Yorkshire",NA,NA,50
2020-12-07,"North East and Yorkshire",NA,NA,50
2020-12-08,"North East and Yorkshire",NA,NA,50
2020-12-09,"North East and Yorkshire",NA,NA,50
2020-12-10,"North East and Yorkshire",NA,NA,50
2020-12-11,"North East and Yorkshire",NA,NA,50
2020-12-12,"North East and Yorkshire",12166,1317,50
2020-12-13,"North East and Yorkshire",NA,NA,51
2020-12-14,"North East and Yorkshire",NA,NA,51
2020-12-15,"North East and Yorkshire",NA,NA,51
2020-12-16,"North East and Yorkshire",NA,NA,51
2020-12-17,"North East and Yorkshire",NA,NA,51
2020-12-18,"North East and Yorkshire",NA,NA,51
2020-12-19,"North East and Yorkshire",12284,3356,51
2020-12-20,"North East and Yorkshire",NA,NA,52
2020-12-21,"North East and Yorkshire",NA,NA,52
2020-12-22,"North East and Yorkshire",NA,NA,52
2020-12-23,"North East and Yorkshire",NA,NA,52
2020-12-24,"North East and Yorkshire",NA,NA,52
2020-12-25,"North East and Yorkshire",NA,NA,52
2020-12-26,"North East and Yorkshire",12197,6858,52
2020-12-27,"North East and Yorkshire",NA,NA,53
2020-12-28,"North East and Yorkshire",NA,NA,53
2020-12-29,"North East and Yorkshire",NA,NA,53
2020-12-30,"North East and Yorkshire",NA,NA,53
2020-12-31,"North East and Yorkshire",NA,NA,53
2021-01-01,"North East and Yorkshire",NA,NA,53
2021-01-02,"North East and Yorkshire",16138,18363,53
2021-01-03,"North East and Yorkshire",NA,NA,54
2021-01-04,"North East and Yorkshire",NA,NA,54
2021-01-05,"North East and Yorkshire",NA,NA,54
2021-01-06,"North East and Yorkshire",NA,NA,54
2021-01-07,"North East and Yorkshire",NA,NA,54
2021-01-08,"North East and Yorkshire",NA,NA,54
2021-01-09,"North East and Yorkshire",12294,23404,54
2021-01-10,"North East and Yorkshire",NA,NA,55
2021-01-11,"North East and Yorkshire",NA,NA,55
2021-01-12,"North East and Yorkshire",NA,NA,55
2021-01-13,"North East and Yorkshire",NA,NA,55
2021-01-14,"North East and Yorkshire",NA,NA,55
2021-01-15,"North East and Yorkshire",NA,NA,55
2021-01-16,"North East and Yorkshire",7064,21965,55
2021-01-17,"North East and Yorkshire",NA,NA,56
2021-01-18,"North East and Yorkshire",NA,NA,56
2021-01-19,"North East and Yorkshire",NA,NA,56
2021-01-20,"North East and Yorkshire",NA,NA,56
2021-01-21,"North East and Yorkshire",NA,NA,56
2021-01-22,"North East and Yorkshire",NA,NA,56
2021-01-23,"North East and Yorkshire",4427,20741,56
2020-09-26,"North London Partners in Health and Care",NA,NA,39
2020-09-27,"North London Partners in Health and Care",NA,NA,40
2020-09-28,"North London Partners in Health and Care",NA,NA,40
2020-09-29,"North London Partners in Health and Care",NA,NA,40
2020-09-30,"North London Partners in Health and Care",NA,NA,40
2020-10-01,"North London Partners in Health and Care",NA,NA,40
2020-10-02,"North London Partners in Health and Care",NA,NA,40
2020-10-03,"North London Partners in Health and Care",NA,NA,40
2020-10-04,"North London Partners in Health and Care",NA,NA,41
2020-10-05,"North London Partners in Health and Care",NA,NA,41
2020-10-06,"North London Partners in Health and Care",NA,NA,41
2020-10-07,"North London Partners in Health and Care",NA,NA,41
2020-10-08,"North London Partners in Health and Care",NA,NA,41
2020-10-09,"North London Partners in Health and Care",NA,NA,41
2020-10-10,"North London Partners in Health and Care",NA,NA,41
2020-10-11,"North London Partners in Health and Care",NA,NA,42
2020-10-12,"North London Partners in Health and Care",NA,NA,42
2020-10-13,"North London Partners in Health and Care",NA,NA,42
2020-10-14,"North London Partners in Health and Care",NA,NA,42
2020-10-15,"North London Partners in Health and Care",NA,NA,42
2020-10-16,"North London Partners in Health and Care",NA,NA,42
2020-10-17,"North London Partners in Health and Care",NA,NA,42
2020-10-18,"North London Partners in Health and Care",NA,NA,43
2020-10-19,"North London Partners in Health and Care",NA,NA,43
2020-10-20,"North London Partners in Health and Care",NA,NA,43
2020-10-21,"North London Partners in Health and Care",NA,NA,43
2020-10-22,"North London Partners in Health and Care",NA,NA,43
2020-10-23,"North London Partners in Health and Care",NA,NA,43
2020-10-24,"North London Partners in Health and Care",2070,17,43
2020-10-25,"North London Partners in Health and Care",NA,NA,44
2020-10-26,"North London Partners in Health and Care",NA,NA,44
2020-10-27,"North London Partners in Health and Care",NA,NA,44
2020-10-28,"North London Partners in Health and Care",NA,NA,44
2020-10-29,"North London Partners in Health and Care",NA,NA,44
2020-10-30,"North London Partners in Health and Care",NA,NA,44
2020-10-31,"North London Partners in Health and Care",1743,26,44
2020-11-01,"North London Partners in Health and Care",NA,NA,45
2020-11-02,"North London Partners in Health and Care",NA,NA,45
2020-11-03,"North London Partners in Health and Care",NA,NA,45
2020-11-04,"North London Partners in Health and Care",NA,NA,45
2020-11-05,"North London Partners in Health and Care",NA,NA,45
2020-11-06,"North London Partners in Health and Care",NA,NA,45
2020-11-07,"North London Partners in Health and Care",1833,61,45
2020-11-08,"North London Partners in Health and Care",NA,NA,46
2020-11-09,"North London Partners in Health and Care",NA,NA,46
2020-11-10,"North London Partners in Health and Care",NA,NA,46
2020-11-11,"North London Partners in Health and Care",NA,NA,46
2020-11-12,"North London Partners in Health and Care",NA,NA,46
2020-11-13,"North London Partners in Health and Care",NA,NA,46
2020-11-14,"North London Partners in Health and Care",2267,207,46
2020-11-15,"North London Partners in Health and Care",NA,NA,47
2020-11-16,"North London Partners in Health and Care",NA,NA,47
2020-11-17,"North London Partners in Health and Care",NA,NA,47
2020-11-18,"North London Partners in Health and Care",NA,NA,47
2020-11-19,"North London Partners in Health and Care",NA,NA,47
2020-11-20,"North London Partners in Health and Care",NA,NA,47
2020-11-21,"North London Partners in Health and Care",1709,304,47
2020-11-22,"North London Partners in Health and Care",NA,NA,48
2020-11-23,"North London Partners in Health and Care",NA,NA,48
2020-11-24,"North London Partners in Health and Care",NA,NA,48
2020-11-25,"North London Partners in Health and Care",NA,NA,48
2020-11-26,"North London Partners in Health and Care",NA,NA,48
2020-11-27,"North London Partners in Health and Care",NA,NA,48
2020-11-28,"North London Partners in Health and Care",1279,491,48
2020-11-29,"North London Partners in Health and Care",NA,NA,49
2020-11-30,"North London Partners in Health and Care",NA,NA,49
2020-12-01,"North London Partners in Health and Care",NA,NA,49
2020-12-02,"North London Partners in Health and Care",NA,NA,49
2020-12-03,"North London Partners in Health and Care",NA,NA,49
2020-12-04,"North London Partners in Health and Care",NA,NA,49
2020-12-05,"North London Partners in Health and Care",1255,1173,49
2020-12-06,"North London Partners in Health and Care",NA,NA,50
2020-12-07,"North London Partners in Health and Care",NA,NA,50
2020-12-08,"North London Partners in Health and Care",NA,NA,50
2020-12-09,"North London Partners in Health and Care",NA,NA,50
2020-12-10,"North London Partners in Health and Care",NA,NA,50
2020-12-11,"North London Partners in Health and Care",NA,NA,50
2020-12-12,"North London Partners in Health and Care",1276,2799,50
2020-12-13,"North London Partners in Health and Care",NA,NA,51
2020-12-14,"North London Partners in Health and Care",NA,NA,51
2020-12-15,"North London Partners in Health and Care",NA,NA,51
2020-12-16,"North London Partners in Health and Care",NA,NA,51
2020-12-17,"North London Partners in Health and Care",NA,NA,51
2020-12-18,"North London Partners in Health and Care",NA,NA,51
2020-12-19,"North London Partners in Health and Care",1744,6840,51
2020-12-20,"North London Partners in Health and Care",NA,NA,52
2020-12-21,"North London Partners in Health and Care",NA,NA,52
2020-12-22,"North London Partners in Health and Care",NA,NA,52
2020-12-23,"North London Partners in Health and Care",NA,NA,52
2020-12-24,"North London Partners in Health and Care",NA,NA,52
2020-12-25,"North London Partners in Health and Care",NA,NA,52
2020-12-26,"North London Partners in Health and Care",1312,9678,52
2020-12-27,"North London Partners in Health and Care",NA,NA,53
2020-12-28,"North London Partners in Health and Care",NA,NA,53
2020-12-29,"North London Partners in Health and Care",NA,NA,53
2020-12-30,"North London Partners in Health and Care",NA,NA,53
2020-12-31,"North London Partners in Health and Care",NA,NA,53
2021-01-01,"North London Partners in Health and Care",NA,NA,53
2021-01-02,"North London Partners in Health and Care",1049,12441,53
2021-01-03,"North London Partners in Health and Care",NA,NA,54
2021-01-04,"North London Partners in Health and Care",NA,NA,54
2021-01-05,"North London Partners in Health and Care",NA,NA,54
2021-01-06,"North London Partners in Health and Care",NA,NA,54
2021-01-07,"North London Partners in Health and Care",NA,NA,54
2021-01-08,"North London Partners in Health and Care",NA,NA,54
2021-01-09,"North London Partners in Health and Care",687,12085,54
2021-01-10,"North London Partners in Health and Care",NA,NA,55
2021-01-11,"North London Partners in Health and Care",NA,NA,55
2021-01-12,"North London Partners in Health and Care",NA,NA,55
2021-01-13,"North London Partners in Health and Care",NA,NA,55
2021-01-14,"North London Partners in Health and Care",NA,NA,55
2021-01-15,"North London Partners in Health and Care",NA,NA,55
2021-01-16,"North London Partners in Health and Care",330,7934,55
2021-01-17,"North London Partners in Health and Care",NA,NA,56
2021-01-18,"North London Partners in Health and Care",NA,NA,56
2021-01-19,"North London Partners in Health and Care",NA,NA,56
2021-01-20,"North London Partners in Health and Care",NA,NA,56
2021-01-21,"North London Partners in Health and Care",NA,NA,56
2021-01-22,"North London Partners in Health and Care",NA,NA,56
2021-01-23,"North London Partners in Health and Care",247,5466,56
2020-09-26,"North West",NA,NA,39
2020-09-27,"North West",NA,NA,40
2020-09-28,"North West",NA,NA,40
2020-09-29,"North West",NA,NA,40
2020-09-30,"North West",NA,NA,40
2020-10-01,"North West",NA,NA,40
2020-10-02,"North West",NA,NA,40
2020-10-03,"North West",NA,NA,40
2020-10-04,"North West",NA,NA,41
2020-10-05,"North West",NA,NA,41
2020-10-06,"North West",NA,NA,41
2020-10-07,"North West",NA,NA,41
2020-10-08,"North West",NA,NA,41
2020-10-09,"North West",NA,NA,41
2020-10-10,"North West",NA,NA,41
2020-10-11,"North West",NA,NA,42
2020-10-12,"North West",NA,NA,42
2020-10-13,"North West",NA,NA,42
2020-10-14,"North West",NA,NA,42
2020-10-15,"North West",NA,NA,42
2020-10-16,"North West",NA,NA,42
2020-10-17,"North West",NA,NA,42
2020-10-18,"North West",NA,NA,43
2020-10-19,"North West",NA,NA,43
2020-10-20,"North West",NA,NA,43
2020-10-21,"North West",NA,NA,43
2020-10-22,"North West",NA,NA,43
2020-10-23,"North West",NA,NA,43
2020-10-24,"North West",38976,13,43
2020-10-25,"North West",NA,NA,44
2020-10-26,"North West",NA,NA,44
2020-10-27,"North West",NA,NA,44
2020-10-28,"North West",NA,NA,44
2020-10-29,"North West",NA,NA,44
2020-10-30,"North West",NA,NA,44
2020-10-31,"North West",37356,32,44
2020-11-01,"North West",NA,NA,45
2020-11-02,"North West",NA,NA,45
2020-11-03,"North West",NA,NA,45
2020-11-04,"North West",NA,NA,45
2020-11-05,"North West",NA,NA,45
2020-11-06,"North West",NA,NA,45
2020-11-07,"North West",36338,74,45
2020-11-08,"North West",NA,NA,46
2020-11-09,"North West",NA,NA,46
2020-11-10,"North West",NA,NA,46
2020-11-11,"North West",NA,NA,46
2020-11-12,"North West",NA,NA,46
2020-11-13,"North West",NA,NA,46
2020-11-14,"North West",32650,148,46
2020-11-15,"North West",NA,NA,47
2020-11-16,"North West",NA,NA,47
2020-11-17,"North West",NA,NA,47
2020-11-18,"North West",NA,NA,47
2020-11-19,"North West",NA,NA,47
2020-11-20,"North West",NA,NA,47
2020-11-21,"North West",21430,170,47
2020-11-22,"North West",NA,NA,48
2020-11-23,"North West",NA,NA,48
2020-11-24,"North West",NA,NA,48
2020-11-25,"North West",NA,NA,48
2020-11-26,"North West",NA,NA,48
2020-11-27,"North West",NA,NA,48
2020-11-28,"North West",13995,207,48
2020-11-29,"North West",NA,NA,49
2020-11-30,"North West",NA,NA,49
2020-12-01,"North West",NA,NA,49
2020-12-02,"North West",NA,NA,49
2020-12-03,"North West",NA,NA,49
2020-12-04,"North West",NA,NA,49
2020-12-05,"North West",11423,317,49
2020-12-06,"North West",NA,NA,50
2020-12-07,"North West",NA,NA,50
2020-12-08,"North West",NA,NA,50
2020-12-09,"North West",NA,NA,50
2020-12-10,"North West",NA,NA,50
2020-12-11,"North West",NA,NA,50
2020-12-12,"North West",11141,885,50
2020-12-13,"North West",NA,NA,51
2020-12-14,"North West",NA,NA,51
2020-12-15,"North West",NA,NA,51
2020-12-16,"North West",NA,NA,51
2020-12-17,"North West",NA,NA,51
2020-12-18,"North West",NA,NA,51
2020-12-19,"North West",11870,2537,51
2020-12-20,"North West",NA,NA,52
2020-12-21,"North West",NA,NA,52
2020-12-22,"North West",NA,NA,52
2020-12-23,"North West",NA,NA,52
2020-12-24,"North West",NA,NA,52
2020-12-25,"North West",NA,NA,52
2020-12-26,"North West",11988,6204,52
2020-12-27,"North West",NA,NA,53
2020-12-28,"North West",NA,NA,53
2020-12-29,"North West",NA,NA,53
2020-12-30,"North West",NA,NA,53
2020-12-31,"North West",NA,NA,53
2021-01-01,"North West",NA,NA,53
2021-01-02,"North West",17687,20099,53
2021-01-03,"North West",NA,NA,54
2021-01-04,"North West",NA,NA,54
2021-01-05,"North West",NA,NA,54
2021-01-06,"North West",NA,NA,54
2021-01-07,"North West",NA,NA,54
2021-01-08,"North West",NA,NA,54
2021-01-09,"North West",16481,30959,54
2021-01-10,"North West",NA,NA,55
2021-01-11,"North West",NA,NA,55
2021-01-12,"North West",NA,NA,55
2021-01-13,"North West",NA,NA,55
2021-01-14,"North West",NA,NA,55
2021-01-15,"North West",NA,NA,55
2021-01-16,"North West",9415,29635,55
2021-01-17,"North West",NA,NA,56
2021-01-18,"North West",NA,NA,56
2021-01-19,"North West",NA,NA,56
2021-01-20,"North West",NA,NA,56
2021-01-21,"North West",NA,NA,56
2021-01-22,"North West",NA,NA,56
2021-01-23,"North West",4860,25914,56
2020-09-26,"North West London Health and Care Partnership",NA,NA,39
2020-09-27,"North West London Health and Care Partnership",NA,NA,40
2020-09-28,"North West London Health and Care Partnership",NA,NA,40
2020-09-29,"North West London Health and Care Partnership",NA,NA,40
2020-09-30,"North West London Health and Care Partnership",NA,NA,40
2020-10-01,"North West London Health and Care Partnership",NA,NA,40
2020-10-02,"North West London Health and Care Partnership",NA,NA,40
2020-10-03,"North West London Health and Care Partnership",NA,NA,40
2020-10-04,"North West London Health and Care Partnership",NA,NA,41
2020-10-05,"North West London Health and Care Partnership",NA,NA,41
2020-10-06,"North West London Health and Care Partnership",NA,NA,41
2020-10-07,"North West London Health and Care Partnership",NA,NA,41
2020-10-08,"North West London Health and Care Partnership",NA,NA,41
2020-10-09,"North West London Health and Care Partnership",NA,NA,41
2020-10-10,"North West London Health and Care Partnership",NA,NA,41
2020-10-11,"North West London Health and Care Partnership",NA,NA,42
2020-10-12,"North West London Health and Care Partnership",NA,NA,42
2020-10-13,"North West London Health and Care Partnership",NA,NA,42
2020-10-14,"North West London Health and Care Partnership",NA,NA,42
2020-10-15,"North West London Health and Care Partnership",NA,NA,42
2020-10-16,"North West London Health and Care Partnership",NA,NA,42
2020-10-17,"North West London Health and Care Partnership",NA,NA,42
2020-10-18,"North West London Health and Care Partnership",NA,NA,43
2020-10-19,"North West London Health and Care Partnership",NA,NA,43
2020-10-20,"North West London Health and Care Partnership",NA,NA,43
2020-10-21,"North West London Health and Care Partnership",NA,NA,43
2020-10-22,"North West London Health and Care Partnership",NA,NA,43
2020-10-23,"North West London Health and Care Partnership",NA,NA,43
2020-10-24,"North West London Health and Care Partnership",3240,8,43
2020-10-25,"North West London Health and Care Partnership",NA,NA,44
2020-10-26,"North West London Health and Care Partnership",NA,NA,44
2020-10-27,"North West London Health and Care Partnership",NA,NA,44
2020-10-28,"North West London Health and Care Partnership",NA,NA,44
2020-10-29,"North West London Health and Care Partnership",NA,NA,44
2020-10-30,"North West London Health and Care Partnership",NA,NA,44
2020-10-31,"North West London Health and Care Partnership",3021,23,44
2020-11-01,"North West London Health and Care Partnership",NA,NA,45
2020-11-02,"North West London Health and Care Partnership",NA,NA,45
2020-11-03,"North West London Health and Care Partnership",NA,NA,45
2020-11-04,"North West London Health and Care Partnership",NA,NA,45
2020-11-05,"North West London Health and Care Partnership",NA,NA,45
2020-11-06,"North West London Health and Care Partnership",NA,NA,45
2020-11-07,"North West London Health and Care Partnership",3238,58,45
2020-11-08,"North West London Health and Care Partnership",NA,NA,46
2020-11-09,"North West London Health and Care Partnership",NA,NA,46
2020-11-10,"North West London Health and Care Partnership",NA,NA,46
2020-11-11,"North West London Health and Care Partnership",NA,NA,46
2020-11-12,"North West London Health and Care Partnership",NA,NA,46
2020-11-13,"North West London Health and Care Partnership",NA,NA,46
2020-11-14,"North West London Health and Care Partnership",3797,198,46
2020-11-15,"North West London Health and Care Partnership",NA,NA,47
2020-11-16,"North West London Health and Care Partnership",NA,NA,47
2020-11-17,"North West London Health and Care Partnership",NA,NA,47
2020-11-18,"North West London Health and Care Partnership",NA,NA,47
2020-11-19,"North West London Health and Care Partnership",NA,NA,47
2020-11-20,"North West London Health and Care Partnership",NA,NA,47
2020-11-21,"North West London Health and Care Partnership",3047,281,47
2020-11-22,"North West London Health and Care Partnership",NA,NA,48
2020-11-23,"North West London Health and Care Partnership",NA,NA,48
2020-11-24,"North West London Health and Care Partnership",NA,NA,48
2020-11-25,"North West London Health and Care Partnership",NA,NA,48
2020-11-26,"North West London Health and Care Partnership",NA,NA,48
2020-11-27,"North West London Health and Care Partnership",NA,NA,48
2020-11-28,"North West London Health and Care Partnership",2210,494,48
2020-11-29,"North West London Health and Care Partnership",NA,NA,49
2020-11-30,"North West London Health and Care Partnership",NA,NA,49
2020-12-01,"North West London Health and Care Partnership",NA,NA,49
2020-12-02,"North West London Health and Care Partnership",NA,NA,49
2020-12-03,"North West London Health and Care Partnership",NA,NA,49
2020-12-04,"North West London Health and Care Partnership",NA,NA,49
2020-12-05,"North West London Health and Care Partnership",1976,899,49
2020-12-06,"North West London Health and Care Partnership",NA,NA,50
2020-12-07,"North West London Health and Care Partnership",NA,NA,50
2020-12-08,"North West London Health and Care Partnership",NA,NA,50
2020-12-09,"North West London Health and Care Partnership",NA,NA,50
2020-12-10,"North West London Health and Care Partnership",NA,NA,50
2020-12-11,"North West London Health and Care Partnership",NA,NA,50
2020-12-12,"North West London Health and Care Partnership",2308,2265,50
2020-12-13,"North West London Health and Care Partnership",NA,NA,51
2020-12-14,"North West London Health and Care Partnership",NA,NA,51
2020-12-15,"North West London Health and Care Partnership",NA,NA,51
2020-12-16,"North West London Health and Care Partnership",NA,NA,51
2020-12-17,"North West London Health and Care Partnership",NA,NA,51
2020-12-18,"North West London Health and Care Partnership",NA,NA,51
2020-12-19,"North West London Health and Care Partnership",3090,6448,51
2020-12-20,"North West London Health and Care Partnership",NA,NA,52
2020-12-21,"North West London Health and Care Partnership",NA,NA,52
2020-12-22,"North West London Health and Care Partnership",NA,NA,52
2020-12-23,"North West London Health and Care Partnership",NA,NA,52
2020-12-24,"North West London Health and Care Partnership",NA,NA,52
2020-12-25,"North West London Health and Care Partnership",NA,NA,52
2020-12-26,"North West London Health and Care Partnership",2436,10868,52
2020-12-27,"North West London Health and Care Partnership",NA,NA,53
2020-12-28,"North West London Health and Care Partnership",NA,NA,53
2020-12-29,"North West London Health and Care Partnership",NA,NA,53
2020-12-30,"North West London Health and Care Partnership",NA,NA,53
2020-12-31,"North West London Health and Care Partnership",NA,NA,53
2021-01-01,"North West London Health and Care Partnership",NA,NA,53
2021-01-02,"North West London Health and Care Partnership",2163,15237,53
2021-01-03,"North West London Health and Care Partnership",NA,NA,54
2021-01-04,"North West London Health and Care Partnership",NA,NA,54
2021-01-05,"North West London Health and Care Partnership",NA,NA,54
2021-01-06,"North West London Health and Care Partnership",NA,NA,54
2021-01-07,"North West London Health and Care Partnership",NA,NA,54
2021-01-08,"North West London Health and Care Partnership",NA,NA,54
2021-01-09,"North West London Health and Care Partnership",1274,16845,54
2021-01-10,"North West London Health and Care Partnership",NA,NA,55
2021-01-11,"North West London Health and Care Partnership",NA,NA,55
2021-01-12,"North West London Health and Care Partnership",NA,NA,55
2021-01-13,"North West London Health and Care Partnership",NA,NA,55
2021-01-14,"North West London Health and Care Partnership",NA,NA,55
2021-01-15,"North West London Health and Care Partnership",NA,NA,55
2021-01-16,"North West London Health and Care Partnership",925,12871,55
2021-01-17,"North West London Health and Care Partnership",NA,NA,56
2021-01-18,"North West London Health and Care Partnership",NA,NA,56
2021-01-19,"North West London Health and Care Partnership",NA,NA,56
2021-01-20,"North West London Health and Care Partnership",NA,NA,56
2021-01-21,"North West London Health and Care Partnership",NA,NA,56
2021-01-22,"North West London Health and Care Partnership",NA,NA,56
2021-01-23,"North West London Health and Care Partnership",416,9682,56
2020-09-26,"Northamptonshire",NA,NA,39
2020-09-27,"Northamptonshire",NA,NA,40
2020-09-28,"Northamptonshire",NA,NA,40
2020-09-29,"Northamptonshire",NA,NA,40
2020-09-30,"Northamptonshire",NA,NA,40
2020-10-01,"Northamptonshire",NA,NA,40
2020-10-02,"Northamptonshire",NA,NA,40
2020-10-03,"Northamptonshire",NA,NA,40
2020-10-04,"Northamptonshire",NA,NA,41
2020-10-05,"Northamptonshire",NA,NA,41
2020-10-06,"Northamptonshire",NA,NA,41
2020-10-07,"Northamptonshire",NA,NA,41
2020-10-08,"Northamptonshire",NA,NA,41
2020-10-09,"Northamptonshire",NA,NA,41
2020-10-10,"Northamptonshire",NA,NA,41
2020-10-11,"Northamptonshire",NA,NA,42
2020-10-12,"Northamptonshire",NA,NA,42
2020-10-13,"Northamptonshire",NA,NA,42
2020-10-14,"Northamptonshire",NA,NA,42
2020-10-15,"Northamptonshire",NA,NA,42
2020-10-16,"Northamptonshire",NA,NA,42
2020-10-17,"Northamptonshire",NA,NA,42
2020-10-18,"Northamptonshire",NA,NA,43
2020-10-19,"Northamptonshire",NA,NA,43
2020-10-20,"Northamptonshire",NA,NA,43
2020-10-21,"Northamptonshire",NA,NA,43
2020-10-22,"Northamptonshire",NA,NA,43
2020-10-23,"Northamptonshire",NA,NA,43
2020-10-24,"Northamptonshire",901,1,43
2020-10-25,"Northamptonshire",NA,NA,44
2020-10-26,"Northamptonshire",NA,NA,44
2020-10-27,"Northamptonshire",NA,NA,44
2020-10-28,"Northamptonshire",NA,NA,44
2020-10-29,"Northamptonshire",NA,NA,44
2020-10-30,"Northamptonshire",NA,NA,44
2020-10-31,"Northamptonshire",951,2,44
2020-11-01,"Northamptonshire",NA,NA,45
2020-11-02,"Northamptonshire",NA,NA,45
2020-11-03,"Northamptonshire",NA,NA,45
2020-11-04,"Northamptonshire",NA,NA,45
2020-11-05,"Northamptonshire",NA,NA,45
2020-11-06,"Northamptonshire",NA,NA,45
2020-11-07,"Northamptonshire",1391,13,45
2020-11-08,"Northamptonshire",NA,NA,46
2020-11-09,"Northamptonshire",NA,NA,46
2020-11-10,"Northamptonshire",NA,NA,46
2020-11-11,"Northamptonshire",NA,NA,46
2020-11-12,"Northamptonshire",NA,NA,46
2020-11-13,"Northamptonshire",NA,NA,46
2020-11-14,"Northamptonshire",1594,39,46
2020-11-15,"Northamptonshire",NA,NA,47
2020-11-16,"Northamptonshire",NA,NA,47
2020-11-17,"Northamptonshire",NA,NA,47
2020-11-18,"Northamptonshire",NA,NA,47
2020-11-19,"Northamptonshire",NA,NA,47
2020-11-20,"Northamptonshire",NA,NA,47
2020-11-21,"Northamptonshire",1121,33,47
2020-11-22,"Northamptonshire",NA,NA,48
2020-11-23,"Northamptonshire",NA,NA,48
2020-11-24,"Northamptonshire",NA,NA,48
2020-11-25,"Northamptonshire",NA,NA,48
2020-11-26,"Northamptonshire",NA,NA,48
2020-11-27,"Northamptonshire",NA,NA,48
2020-11-28,"Northamptonshire",757,53,48
2020-11-29,"Northamptonshire",NA,NA,49
2020-11-30,"Northamptonshire",NA,NA,49
2020-12-01,"Northamptonshire",NA,NA,49
2020-12-02,"Northamptonshire",NA,NA,49
2020-12-03,"Northamptonshire",NA,NA,49
2020-12-04,"Northamptonshire",NA,NA,49
2020-12-05,"Northamptonshire",684,83,49
2020-12-06,"Northamptonshire",NA,NA,50
2020-12-07,"Northamptonshire",NA,NA,50
2020-12-08,"Northamptonshire",NA,NA,50
2020-12-09,"Northamptonshire",NA,NA,50
2020-12-10,"Northamptonshire",NA,NA,50
2020-12-11,"Northamptonshire",NA,NA,50
2020-12-12,"Northamptonshire",875,210,50
2020-12-13,"Northamptonshire",NA,NA,51
2020-12-14,"Northamptonshire",NA,NA,51
2020-12-15,"Northamptonshire",NA,NA,51
2020-12-16,"Northamptonshire",NA,NA,51
2020-12-17,"Northamptonshire",NA,NA,51
2020-12-18,"Northamptonshire",NA,NA,51
2020-12-19,"Northamptonshire",976,574,51
2020-12-20,"Northamptonshire",NA,NA,52
2020-12-21,"Northamptonshire",NA,NA,52
2020-12-22,"Northamptonshire",NA,NA,52
2020-12-23,"Northamptonshire",NA,NA,52
2020-12-24,"Northamptonshire",NA,NA,52
2020-12-25,"Northamptonshire",NA,NA,52
2020-12-26,"Northamptonshire",800,1345,52
2020-12-27,"Northamptonshire",NA,NA,53
2020-12-28,"Northamptonshire",NA,NA,53
2020-12-29,"Northamptonshire",NA,NA,53
2020-12-30,"Northamptonshire",NA,NA,53
2020-12-31,"Northamptonshire",NA,NA,53
2021-01-01,"Northamptonshire",NA,NA,53
2021-01-02,"Northamptonshire",1069,3161,53
2021-01-03,"Northamptonshire",NA,NA,54
2021-01-04,"Northamptonshire",NA,NA,54
2021-01-05,"Northamptonshire",NA,NA,54
2021-01-06,"Northamptonshire",NA,NA,54
2021-01-07,"Northamptonshire",NA,NA,54
2021-01-08,"Northamptonshire",NA,NA,54
2021-01-09,"Northamptonshire",809,3714,54
2021-01-10,"Northamptonshire",NA,NA,55
2021-01-11,"Northamptonshire",NA,NA,55
2021-01-12,"Northamptonshire",NA,NA,55
2021-01-13,"Northamptonshire",NA,NA,55
2021-01-14,"Northamptonshire",NA,NA,55
2021-01-15,"Northamptonshire",NA,NA,55
2021-01-16,"Northamptonshire",502,2866,55
2021-01-17,"Northamptonshire",NA,NA,56
2021-01-18,"Northamptonshire",NA,NA,56
2021-01-19,"Northamptonshire",NA,NA,56
2021-01-20,"Northamptonshire",NA,NA,56
2021-01-21,"Northamptonshire",NA,NA,56
2021-01-22,"Northamptonshire",NA,NA,56
2021-01-23,"Northamptonshire",373,2655,56
2020-09-26,"Nottingham and Nottinghamshire Health and Care",NA,NA,39
2020-09-27,"Nottingham and Nottinghamshire Health and Care",NA,NA,40
2020-09-28,"Nottingham and Nottinghamshire Health and Care",NA,NA,40
2020-09-29,"Nottingham and Nottinghamshire Health and Care",NA,NA,40
2020-09-30,"Nottingham and Nottinghamshire Health and Care",NA,NA,40
2020-10-01,"Nottingham and Nottinghamshire Health and Care",NA,NA,40
2020-10-02,"Nottingham and Nottinghamshire Health and Care",NA,NA,40
2020-10-03,"Nottingham and Nottinghamshire Health and Care",NA,NA,40
2020-10-04,"Nottingham and Nottinghamshire Health and Care",NA,NA,41
2020-10-05,"Nottingham and Nottinghamshire Health and Care",NA,NA,41
2020-10-06,"Nottingham and Nottinghamshire Health and Care",NA,NA,41
2020-10-07,"Nottingham and Nottinghamshire Health and Care",NA,NA,41
2020-10-08,"Nottingham and Nottinghamshire Health and Care",NA,NA,41
2020-10-09,"Nottingham and Nottinghamshire Health and Care",NA,NA,41
2020-10-10,"Nottingham and Nottinghamshire Health and Care",NA,NA,41
2020-10-11,"Nottingham and Nottinghamshire Health and Care",NA,NA,42
2020-10-12,"Nottingham and Nottinghamshire Health and Care",NA,NA,42
2020-10-13,"Nottingham and Nottinghamshire Health and Care",NA,NA,42
2020-10-14,"Nottingham and Nottinghamshire Health and Care",NA,NA,42
2020-10-15,"Nottingham and Nottinghamshire Health and Care",NA,NA,42
2020-10-16,"Nottingham and Nottinghamshire Health and Care",NA,NA,42
2020-10-17,"Nottingham and Nottinghamshire Health and Care",NA,NA,42
2020-10-18,"Nottingham and Nottinghamshire Health and Care",NA,NA,43
2020-10-19,"Nottingham and Nottinghamshire Health and Care",NA,NA,43
2020-10-20,"Nottingham and Nottinghamshire Health and Care",NA,NA,43
2020-10-21,"Nottingham and Nottinghamshire Health and Care",NA,NA,43
2020-10-22,"Nottingham and Nottinghamshire Health and Care",NA,NA,43
2020-10-23,"Nottingham and Nottinghamshire Health and Care",NA,NA,43
2020-10-24,"Nottingham and Nottinghamshire Health and Care",3525,2,43
2020-10-25,"Nottingham and Nottinghamshire Health and Care",NA,NA,44
2020-10-26,"Nottingham and Nottinghamshire Health and Care",NA,NA,44
2020-10-27,"Nottingham and Nottinghamshire Health and Care",NA,NA,44
2020-10-28,"Nottingham and Nottinghamshire Health and Care",NA,NA,44
2020-10-29,"Nottingham and Nottinghamshire Health and Care",NA,NA,44
2020-10-30,"Nottingham and Nottinghamshire Health and Care",NA,NA,44
2020-10-31,"Nottingham and Nottinghamshire Health and Care",3256,8,44
2020-11-01,"Nottingham and Nottinghamshire Health and Care",NA,NA,45
2020-11-02,"Nottingham and Nottinghamshire Health and Care",NA,NA,45
2020-11-03,"Nottingham and Nottinghamshire Health and Care",NA,NA,45
2020-11-04,"Nottingham and Nottinghamshire Health and Care",NA,NA,45
2020-11-05,"Nottingham and Nottinghamshire Health and Care",NA,NA,45
2020-11-06,"Nottingham and Nottinghamshire Health and Care",NA,NA,45
2020-11-07,"Nottingham and Nottinghamshire Health and Care",2894,9,45
2020-11-08,"Nottingham and Nottinghamshire Health and Care",NA,NA,46
2020-11-09,"Nottingham and Nottinghamshire Health and Care",NA,NA,46
2020-11-10,"Nottingham and Nottinghamshire Health and Care",NA,NA,46
2020-11-11,"Nottingham and Nottinghamshire Health and Care",NA,NA,46
2020-11-12,"Nottingham and Nottinghamshire Health and Care",NA,NA,46
2020-11-13,"Nottingham and Nottinghamshire Health and Care",NA,NA,46
2020-11-14,"Nottingham and Nottinghamshire Health and Care",2354,17,46
2020-11-15,"Nottingham and Nottinghamshire Health and Care",NA,NA,47
2020-11-16,"Nottingham and Nottinghamshire Health and Care",NA,NA,47
2020-11-17,"Nottingham and Nottinghamshire Health and Care",NA,NA,47
2020-11-18,"Nottingham and Nottinghamshire Health and Care",NA,NA,47
2020-11-19,"Nottingham and Nottinghamshire Health and Care",NA,NA,47
2020-11-20,"Nottingham and Nottinghamshire Health and Care",NA,NA,47
2020-11-21,"Nottingham and Nottinghamshire Health and Care",1855,22,47
2020-11-22,"Nottingham and Nottinghamshire Health and Care",NA,NA,48
2020-11-23,"Nottingham and Nottinghamshire Health and Care",NA,NA,48
2020-11-24,"Nottingham and Nottinghamshire Health and Care",NA,NA,48
2020-11-25,"Nottingham and Nottinghamshire Health and Care",NA,NA,48
2020-11-26,"Nottingham and Nottinghamshire Health and Care",NA,NA,48
2020-11-27,"Nottingham and Nottinghamshire Health and Care",NA,NA,48
2020-11-28,"Nottingham and Nottinghamshire Health and Care",1276,32,48
2020-11-29,"Nottingham and Nottinghamshire Health and Care",NA,NA,49
2020-11-30,"Nottingham and Nottinghamshire Health and Care",NA,NA,49
2020-12-01,"Nottingham and Nottinghamshire Health and Care",NA,NA,49
2020-12-02,"Nottingham and Nottinghamshire Health and Care",NA,NA,49
2020-12-03,"Nottingham and Nottinghamshire Health and Care",NA,NA,49
2020-12-04,"Nottingham and Nottinghamshire Health and Care",NA,NA,49
2020-12-05,"Nottingham and Nottinghamshire Health and Care",1131,43,49
2020-12-06,"Nottingham and Nottinghamshire Health and Care",NA,NA,50
2020-12-07,"Nottingham and Nottinghamshire Health and Care",NA,NA,50
2020-12-08,"Nottingham and Nottinghamshire Health and Care",NA,NA,50
2020-12-09,"Nottingham and Nottinghamshire Health and Care",NA,NA,50
2020-12-10,"Nottingham and Nottinghamshire Health and Care",NA,NA,50
2020-12-11,"Nottingham and Nottinghamshire Health and Care",NA,NA,50
2020-12-12,"Nottingham and Nottinghamshire Health and Care",1299,169,50
2020-12-13,"Nottingham and Nottinghamshire Health and Care",NA,NA,51
2020-12-14,"Nottingham and Nottinghamshire Health and Care",NA,NA,51
2020-12-15,"Nottingham and Nottinghamshire Health and Care",NA,NA,51
2020-12-16,"Nottingham and Nottinghamshire Health and Care",NA,NA,51
2020-12-17,"Nottingham and Nottinghamshire Health and Care",NA,NA,51
2020-12-18,"Nottingham and Nottinghamshire Health and Care",NA,NA,51
2020-12-19,"Nottingham and Nottinghamshire Health and Care",1557,457,51
2020-12-20,"Nottingham and Nottinghamshire Health and Care",NA,NA,52
2020-12-21,"Nottingham and Nottinghamshire Health and Care",NA,NA,52
2020-12-22,"Nottingham and Nottinghamshire Health and Care",NA,NA,52
2020-12-23,"Nottingham and Nottinghamshire Health and Care",NA,NA,52
2020-12-24,"Nottingham and Nottinghamshire Health and Care",NA,NA,52
2020-12-25,"Nottingham and Nottinghamshire Health and Care",NA,NA,52
2020-12-26,"Nottingham and Nottinghamshire Health and Care",1081,1059,52
2020-12-27,"Nottingham and Nottinghamshire Health and Care",NA,NA,53
2020-12-28,"Nottingham and Nottinghamshire Health and Care",NA,NA,53
2020-12-29,"Nottingham and Nottinghamshire Health and Care",NA,NA,53
2020-12-30,"Nottingham and Nottinghamshire Health and Care",NA,NA,53
2020-12-31,"Nottingham and Nottinghamshire Health and Care",NA,NA,53
2021-01-01,"Nottingham and Nottinghamshire Health and Care",NA,NA,53
2021-01-02,"Nottingham and Nottinghamshire Health and Care",1437,2382,53
2021-01-03,"Nottingham and Nottinghamshire Health and Care",NA,NA,54
2021-01-04,"Nottingham and Nottinghamshire Health and Care",NA,NA,54
2021-01-05,"Nottingham and Nottinghamshire Health and Care",NA,NA,54
2021-01-06,"Nottingham and Nottinghamshire Health and Care",NA,NA,54
2021-01-07,"Nottingham and Nottinghamshire Health and Care",NA,NA,54
2021-01-08,"Nottingham and Nottinghamshire Health and Care",NA,NA,54
2021-01-09,"Nottingham and Nottinghamshire Health and Care",1237,3226,54
2021-01-10,"Nottingham and Nottinghamshire Health and Care",NA,NA,55
2021-01-11,"Nottingham and Nottinghamshire Health and Care",NA,NA,55
2021-01-12,"Nottingham and Nottinghamshire Health and Care",NA,NA,55
2021-01-13,"Nottingham and Nottinghamshire Health and Care",NA,NA,55
2021-01-14,"Nottingham and Nottinghamshire Health and Care",NA,NA,55
2021-01-15,"Nottingham and Nottinghamshire Health and Care",NA,NA,55
2021-01-16,"Nottingham and Nottinghamshire Health and Care",789,2843,55
2021-01-17,"Nottingham and Nottinghamshire Health and Care",NA,NA,56
2021-01-18,"Nottingham and Nottinghamshire Health and Care",NA,NA,56
2021-01-19,"Nottingham and Nottinghamshire Health and Care",NA,NA,56
2021-01-20,"Nottingham and Nottinghamshire Health and Care",NA,NA,56
2021-01-21,"Nottingham and Nottinghamshire Health and Care",NA,NA,56
2021-01-22,"Nottingham and Nottinghamshire Health and Care",NA,NA,56
2021-01-23,"Nottingham and Nottinghamshire Health and Care",427,2928,56
2020-09-26,"Our Healthier South East London",NA,NA,39
2020-09-27,"Our Healthier South East London",NA,NA,40
2020-09-28,"Our Healthier South East London",NA,NA,40
2020-09-29,"Our Healthier South East London",NA,NA,40
2020-09-30,"Our Healthier South East London",NA,NA,40
2020-10-01,"Our Healthier South East London",NA,NA,40
2020-10-02,"Our Healthier South East London",NA,NA,40
2020-10-03,"Our Healthier South East London",NA,NA,40
2020-10-04,"Our Healthier South East London",NA,NA,41
2020-10-05,"Our Healthier South East London",NA,NA,41
2020-10-06,"Our Healthier South East London",NA,NA,41
2020-10-07,"Our Healthier South East London",NA,NA,41
2020-10-08,"Our Healthier South East London",NA,NA,41
2020-10-09,"Our Healthier South East London",NA,NA,41
2020-10-10,"Our Healthier South East London",NA,NA,41
2020-10-11,"Our Healthier South East London",NA,NA,42
2020-10-12,"Our Healthier South East London",NA,NA,42
2020-10-13,"Our Healthier South East London",NA,NA,42
2020-10-14,"Our Healthier South East London",NA,NA,42
2020-10-15,"Our Healthier South East London",NA,NA,42
2020-10-16,"Our Healthier South East London",NA,NA,42
2020-10-17,"Our Healthier South East London",NA,NA,42
2020-10-18,"Our Healthier South East London",NA,NA,43
2020-10-19,"Our Healthier South East London",NA,NA,43
2020-10-20,"Our Healthier South East London",NA,NA,43
2020-10-21,"Our Healthier South East London",NA,NA,43
2020-10-22,"Our Healthier South East London",NA,NA,43
2020-10-23,"Our Healthier South East London",NA,NA,43
2020-10-24,"Our Healthier South East London",2065,19,43
2020-10-25,"Our Healthier South East London",NA,NA,44
2020-10-26,"Our Healthier South East London",NA,NA,44
2020-10-27,"Our Healthier South East London",NA,NA,44
2020-10-28,"Our Healthier South East London",NA,NA,44
2020-10-29,"Our Healthier South East London",NA,NA,44
2020-10-30,"Our Healthier South East London",NA,NA,44
2020-10-31,"Our Healthier South East London",1896,58,44
2020-11-01,"Our Healthier South East London",NA,NA,45
2020-11-02,"Our Healthier South East London",NA,NA,45
2020-11-03,"Our Healthier South East London",NA,NA,45
2020-11-04,"Our Healthier South East London",NA,NA,45
2020-11-05,"Our Healthier South East London",NA,NA,45
2020-11-06,"Our Healthier South East London",NA,NA,45
2020-11-07,"Our Healthier South East London",1917,144,45
2020-11-08,"Our Healthier South East London",NA,NA,46
2020-11-09,"Our Healthier South East London",NA,NA,46
2020-11-10,"Our Healthier South East London",NA,NA,46
2020-11-11,"Our Healthier South East London",NA,NA,46
2020-11-12,"Our Healthier South East London",NA,NA,46
2020-11-13,"Our Healthier South East London",NA,NA,46
2020-11-14,"Our Healthier South East London",2354,463,46
2020-11-15,"Our Healthier South East London",NA,NA,47
2020-11-16,"Our Healthier South East London",NA,NA,47
2020-11-17,"Our Healthier South East London",NA,NA,47
2020-11-18,"Our Healthier South East London",NA,NA,47
2020-11-19,"Our Healthier South East London",NA,NA,47
2020-11-20,"Our Healthier South East London",NA,NA,47
2020-11-21,"Our Healthier South East London",1755,632,47
2020-11-22,"Our Healthier South East London",NA,NA,48
2020-11-23,"Our Healthier South East London",NA,NA,48
2020-11-24,"Our Healthier South East London",NA,NA,48
2020-11-25,"Our Healthier South East London",NA,NA,48
2020-11-26,"Our Healthier South East London",NA,NA,48
2020-11-27,"Our Healthier South East London",NA,NA,48
2020-11-28,"Our Healthier South East London",1175,1011,48
2020-11-29,"Our Healthier South East London",NA,NA,49
2020-11-30,"Our Healthier South East London",NA,NA,49
2020-12-01,"Our Healthier South East London",NA,NA,49
2020-12-02,"Our Healthier South East London",NA,NA,49
2020-12-03,"Our Healthier South East London",NA,NA,49
2020-12-04,"Our Healthier South East London",NA,NA,49
2020-12-05,"Our Healthier South East London",1117,1698,49
2020-12-06,"Our Healthier South East London",NA,NA,50
2020-12-07,"Our Healthier South East London",NA,NA,50
2020-12-08,"Our Healthier South East London",NA,NA,50
2020-12-09,"Our Healthier South East London",NA,NA,50
2020-12-10,"Our Healthier South East London",NA,NA,50
2020-12-11,"Our Healthier South East London",NA,NA,50
2020-12-12,"Our Healthier South East London",1357,3862,50
2020-12-13,"Our Healthier South East London",NA,NA,51
2020-12-14,"Our Healthier South East London",NA,NA,51
2020-12-15,"Our Healthier South East London",NA,NA,51
2020-12-16,"Our Healthier South East London",NA,NA,51
2020-12-17,"Our Healthier South East London",NA,NA,51
2020-12-18,"Our Healthier South East London",NA,NA,51
2020-12-19,"Our Healthier South East London",1777,9447,51
2020-12-20,"Our Healthier South East London",NA,NA,52
2020-12-21,"Our Healthier South East London",NA,NA,52
2020-12-22,"Our Healthier South East London",NA,NA,52
2020-12-23,"Our Healthier South East London",NA,NA,52
2020-12-24,"Our Healthier South East London",NA,NA,52
2020-12-25,"Our Healthier South East London",NA,NA,52
2020-12-26,"Our Healthier South East London",1292,12181,52
2020-12-27,"Our Healthier South East London",NA,NA,53
2020-12-28,"Our Healthier South East London",NA,NA,53
2020-12-29,"Our Healthier South East London",NA,NA,53
2020-12-30,"Our Healthier South East London",NA,NA,53
2020-12-31,"Our Healthier South East London",NA,NA,53
2021-01-01,"Our Healthier South East London",NA,NA,53
2021-01-02,"Our Healthier South East London",1168,16109,53
2021-01-03,"Our Healthier South East London",NA,NA,54
2021-01-04,"Our Healthier South East London",NA,NA,54
2021-01-05,"Our Healthier South East London",NA,NA,54
2021-01-06,"Our Healthier South East London",NA,NA,54
2021-01-07,"Our Healthier South East London",NA,NA,54
2021-01-08,"Our Healthier South East London",NA,NA,54
2021-01-09,"Our Healthier South East London",827,15475,54
2021-01-10,"Our Healthier South East London",NA,NA,55
2021-01-11,"Our Healthier South East London",NA,NA,55
2021-01-12,"Our Healthier South East London",NA,NA,55
2021-01-13,"Our Healthier South East London",NA,NA,55
2021-01-14,"Our Healthier South East London",NA,NA,55
2021-01-15,"Our Healthier South East London",NA,NA,55
2021-01-16,"Our Healthier South East London",443,9724,55
2021-01-17,"Our Healthier South East London",NA,NA,56
2021-01-18,"Our Healthier South East London",NA,NA,56
2021-01-19,"Our Healthier South East London",NA,NA,56
2021-01-20,"Our Healthier South East London",NA,NA,56
2021-01-21,"Our Healthier South East London",NA,NA,56
2021-01-22,"Our Healthier South East London",NA,NA,56
2021-01-23,"Our Healthier South East London",230,6730,56
2020-09-26,"Shropshire and Telford and Wrekin",NA,NA,39
2020-09-27,"Shropshire and Telford and Wrekin",NA,NA,40
2020-09-28,"Shropshire and Telford and Wrekin",NA,NA,40
2020-09-29,"Shropshire and Telford and Wrekin",NA,NA,40
2020-09-30,"Shropshire and Telford and Wrekin",NA,NA,40
2020-10-01,"Shropshire and Telford and Wrekin",NA,NA,40
2020-10-02,"Shropshire and Telford and Wrekin",NA,NA,40
2020-10-03,"Shropshire and Telford and Wrekin",NA,NA,40
2020-10-04,"Shropshire and Telford and Wrekin",NA,NA,41
2020-10-05,"Shropshire and Telford and Wrekin",NA,NA,41
2020-10-06,"Shropshire and Telford and Wrekin",NA,NA,41
2020-10-07,"Shropshire and Telford and Wrekin",NA,NA,41
2020-10-08,"Shropshire and Telford and Wrekin",NA,NA,41
2020-10-09,"Shropshire and Telford and Wrekin",NA,NA,41
2020-10-10,"Shropshire and Telford and Wrekin",NA,NA,41
2020-10-11,"Shropshire and Telford and Wrekin",NA,NA,42
2020-10-12,"Shropshire and Telford and Wrekin",NA,NA,42
2020-10-13,"Shropshire and Telford and Wrekin",NA,NA,42
2020-10-14,"Shropshire and Telford and Wrekin",NA,NA,42
2020-10-15,"Shropshire and Telford and Wrekin",NA,NA,42
2020-10-16,"Shropshire and Telford and Wrekin",NA,NA,42
2020-10-17,"Shropshire and Telford and Wrekin",NA,NA,42
2020-10-18,"Shropshire and Telford and Wrekin",NA,NA,43
2020-10-19,"Shropshire and Telford and Wrekin",NA,NA,43
2020-10-20,"Shropshire and Telford and Wrekin",NA,NA,43
2020-10-21,"Shropshire and Telford and Wrekin",NA,NA,43
2020-10-22,"Shropshire and Telford and Wrekin",NA,NA,43
2020-10-23,"Shropshire and Telford and Wrekin",NA,NA,43
2020-10-24,"Shropshire and Telford and Wrekin",700,0,43
2020-10-25,"Shropshire and Telford and Wrekin",NA,NA,44
2020-10-26,"Shropshire and Telford and Wrekin",NA,NA,44
2020-10-27,"Shropshire and Telford and Wrekin",NA,NA,44
2020-10-28,"Shropshire and Telford and Wrekin",NA,NA,44
2020-10-29,"Shropshire and Telford and Wrekin",NA,NA,44
2020-10-30,"Shropshire and Telford and Wrekin",NA,NA,44
2020-10-31,"Shropshire and Telford and Wrekin",953,2,44
2020-11-01,"Shropshire and Telford and Wrekin",NA,NA,45
2020-11-02,"Shropshire and Telford and Wrekin",NA,NA,45
2020-11-03,"Shropshire and Telford and Wrekin",NA,NA,45
2020-11-04,"Shropshire and Telford and Wrekin",NA,NA,45
2020-11-05,"Shropshire and Telford and Wrekin",NA,NA,45
2020-11-06,"Shropshire and Telford and Wrekin",NA,NA,45
2020-11-07,"Shropshire and Telford and Wrekin",1168,8,45
2020-11-08,"Shropshire and Telford and Wrekin",NA,NA,46
2020-11-09,"Shropshire and Telford and Wrekin",NA,NA,46
2020-11-10,"Shropshire and Telford and Wrekin",NA,NA,46
2020-11-11,"Shropshire and Telford and Wrekin",NA,NA,46
2020-11-12,"Shropshire and Telford and Wrekin",NA,NA,46
2020-11-13,"Shropshire and Telford and Wrekin",NA,NA,46
2020-11-14,"Shropshire and Telford and Wrekin",1248,21,46
2020-11-15,"Shropshire and Telford and Wrekin",NA,NA,47
2020-11-16,"Shropshire and Telford and Wrekin",NA,NA,47
2020-11-17,"Shropshire and Telford and Wrekin",NA,NA,47
2020-11-18,"Shropshire and Telford and Wrekin",NA,NA,47
2020-11-19,"Shropshire and Telford and Wrekin",NA,NA,47
2020-11-20,"Shropshire and Telford and Wrekin",NA,NA,47
2020-11-21,"Shropshire and Telford and Wrekin",819,16,47
2020-11-22,"Shropshire and Telford and Wrekin",NA,NA,48
2020-11-23,"Shropshire and Telford and Wrekin",NA,NA,48
2020-11-24,"Shropshire and Telford and Wrekin",NA,NA,48
2020-11-25,"Shropshire and Telford and Wrekin",NA,NA,48
2020-11-26,"Shropshire and Telford and Wrekin",NA,NA,48
2020-11-27,"Shropshire and Telford and Wrekin",NA,NA,48
2020-11-28,"Shropshire and Telford and Wrekin",598,13,48
2020-11-29,"Shropshire and Telford and Wrekin",NA,NA,49
2020-11-30,"Shropshire and Telford and Wrekin",NA,NA,49
2020-12-01,"Shropshire and Telford and Wrekin",NA,NA,49
2020-12-02,"Shropshire and Telford and Wrekin",NA,NA,49
2020-12-03,"Shropshire and Telford and Wrekin",NA,NA,49
2020-12-04,"Shropshire and Telford and Wrekin",NA,NA,49
2020-12-05,"Shropshire and Telford and Wrekin",336,10,49
2020-12-06,"Shropshire and Telford and Wrekin",NA,NA,50
2020-12-07,"Shropshire and Telford and Wrekin",NA,NA,50
2020-12-08,"Shropshire and Telford and Wrekin",NA,NA,50
2020-12-09,"Shropshire and Telford and Wrekin",NA,NA,50
2020-12-10,"Shropshire and Telford and Wrekin",NA,NA,50
2020-12-11,"Shropshire and Telford and Wrekin",NA,NA,50
2020-12-12,"Shropshire and Telford and Wrekin",414,29,50
2020-12-13,"Shropshire and Telford and Wrekin",NA,NA,51
2020-12-14,"Shropshire and Telford and Wrekin",NA,NA,51
2020-12-15,"Shropshire and Telford and Wrekin",NA,NA,51
2020-12-16,"Shropshire and Telford and Wrekin",NA,NA,51
2020-12-17,"Shropshire and Telford and Wrekin",NA,NA,51
2020-12-18,"Shropshire and Telford and Wrekin",NA,NA,51
2020-12-19,"Shropshire and Telford and Wrekin",439,73,51
2020-12-20,"Shropshire and Telford and Wrekin",NA,NA,52
2020-12-21,"Shropshire and Telford and Wrekin",NA,NA,52
2020-12-22,"Shropshire and Telford and Wrekin",NA,NA,52
2020-12-23,"Shropshire and Telford and Wrekin",NA,NA,52
2020-12-24,"Shropshire and Telford and Wrekin",NA,NA,52
2020-12-25,"Shropshire and Telford and Wrekin",NA,NA,52
2020-12-26,"Shropshire and Telford and Wrekin",300,253,52
2020-12-27,"Shropshire and Telford and Wrekin",NA,NA,53
2020-12-28,"Shropshire and Telford and Wrekin",NA,NA,53
2020-12-29,"Shropshire and Telford and Wrekin",NA,NA,53
2020-12-30,"Shropshire and Telford and Wrekin",NA,NA,53
2020-12-31,"Shropshire and Telford and Wrekin",NA,NA,53
2021-01-01,"Shropshire and Telford and Wrekin",NA,NA,53
2021-01-02,"Shropshire and Telford and Wrekin",568,1114,53
2021-01-03,"Shropshire and Telford and Wrekin",NA,NA,54
2021-01-04,"Shropshire and Telford and Wrekin",NA,NA,54
2021-01-05,"Shropshire and Telford and Wrekin",NA,NA,54
2021-01-06,"Shropshire and Telford and Wrekin",NA,NA,54
2021-01-07,"Shropshire and Telford and Wrekin",NA,NA,54
2021-01-08,"Shropshire and Telford and Wrekin",NA,NA,54
2021-01-09,"Shropshire and Telford and Wrekin",495,1752,54
2021-01-10,"Shropshire and Telford and Wrekin",NA,NA,55
2021-01-11,"Shropshire and Telford and Wrekin",NA,NA,55
2021-01-12,"Shropshire and Telford and Wrekin",NA,NA,55
2021-01-13,"Shropshire and Telford and Wrekin",NA,NA,55
2021-01-14,"Shropshire and Telford and Wrekin",NA,NA,55
2021-01-15,"Shropshire and Telford and Wrekin",NA,NA,55
2021-01-16,"Shropshire and Telford and Wrekin",378,1647,55
2021-01-17,"Shropshire and Telford and Wrekin",NA,NA,56
2021-01-18,"Shropshire and Telford and Wrekin",NA,NA,56
2021-01-19,"Shropshire and Telford and Wrekin",NA,NA,56
2021-01-20,"Shropshire and Telford and Wrekin",NA,NA,56
2021-01-21,"Shropshire and Telford and Wrekin",NA,NA,56
2021-01-22,"Shropshire and Telford and Wrekin",NA,NA,56
2021-01-23,"Shropshire and Telford and Wrekin",201,1281,56
2020-09-26,"Somerset",NA,NA,39
2020-09-27,"Somerset",NA,NA,40
2020-09-28,"Somerset",NA,NA,40
2020-09-29,"Somerset",NA,NA,40
2020-09-30,"Somerset",NA,NA,40
2020-10-01,"Somerset",NA,NA,40
2020-10-02,"Somerset",NA,NA,40
2020-10-03,"Somerset",NA,NA,40
2020-10-04,"Somerset",NA,NA,41
2020-10-05,"Somerset",NA,NA,41
2020-10-06,"Somerset",NA,NA,41
2020-10-07,"Somerset",NA,NA,41
2020-10-08,"Somerset",NA,NA,41
2020-10-09,"Somerset",NA,NA,41
2020-10-10,"Somerset",NA,NA,41
2020-10-11,"Somerset",NA,NA,42
2020-10-12,"Somerset",NA,NA,42
2020-10-13,"Somerset",NA,NA,42
2020-10-14,"Somerset",NA,NA,42
2020-10-15,"Somerset",NA,NA,42
2020-10-16,"Somerset",NA,NA,42
2020-10-17,"Somerset",NA,NA,42
2020-10-18,"Somerset",NA,NA,43
2020-10-19,"Somerset",NA,NA,43
2020-10-20,"Somerset",NA,NA,43
2020-10-21,"Somerset",NA,NA,43
2020-10-22,"Somerset",NA,NA,43
2020-10-23,"Somerset",NA,NA,43
2020-10-24,"Somerset",295,1,43
2020-10-25,"Somerset",NA,NA,44
2020-10-26,"Somerset",NA,NA,44
2020-10-27,"Somerset",NA,NA,44
2020-10-28,"Somerset",NA,NA,44
2020-10-29,"Somerset",NA,NA,44
2020-10-30,"Somerset",NA,NA,44
2020-10-31,"Somerset",354,5,44
2020-11-01,"Somerset",NA,NA,45
2020-11-02,"Somerset",NA,NA,45
2020-11-03,"Somerset",NA,NA,45
2020-11-04,"Somerset",NA,NA,45
2020-11-05,"Somerset",NA,NA,45
2020-11-06,"Somerset",NA,NA,45
2020-11-07,"Somerset",472,9,45
2020-11-08,"Somerset",NA,NA,46
2020-11-09,"Somerset",NA,NA,46
2020-11-10,"Somerset",NA,NA,46
2020-11-11,"Somerset",NA,NA,46
2020-11-12,"Somerset",NA,NA,46
2020-11-13,"Somerset",NA,NA,46
2020-11-14,"Somerset",656,16,46
2020-11-15,"Somerset",NA,NA,47
2020-11-16,"Somerset",NA,NA,47
2020-11-17,"Somerset",NA,NA,47
2020-11-18,"Somerset",NA,NA,47
2020-11-19,"Somerset",NA,NA,47
2020-11-20,"Somerset",NA,NA,47
2020-11-21,"Somerset",479,43,47
2020-11-22,"Somerset",NA,NA,48
2020-11-23,"Somerset",NA,NA,48
2020-11-24,"Somerset",NA,NA,48
2020-11-25,"Somerset",NA,NA,48
2020-11-26,"Somerset",NA,NA,48
2020-11-27,"Somerset",NA,NA,48
2020-11-28,"Somerset",354,65,48
2020-11-29,"Somerset",NA,NA,49
2020-11-30,"Somerset",NA,NA,49
2020-12-01,"Somerset",NA,NA,49
2020-12-02,"Somerset",NA,NA,49
2020-12-03,"Somerset",NA,NA,49
2020-12-04,"Somerset",NA,NA,49
2020-12-05,"Somerset",285,74,49
2020-12-06,"Somerset",NA,NA,50
2020-12-07,"Somerset",NA,NA,50
2020-12-08,"Somerset",NA,NA,50
2020-12-09,"Somerset",NA,NA,50
2020-12-10,"Somerset",NA,NA,50
2020-12-11,"Somerset",NA,NA,50
2020-12-12,"Somerset",290,224,50
2020-12-13,"Somerset",NA,NA,51
2020-12-14,"Somerset",NA,NA,51
2020-12-15,"Somerset",NA,NA,51
2020-12-16,"Somerset",NA,NA,51
2020-12-17,"Somerset",NA,NA,51
2020-12-18,"Somerset",NA,NA,51
2020-12-19,"Somerset",254,447,51
2020-12-20,"Somerset",NA,NA,52
2020-12-21,"Somerset",NA,NA,52
2020-12-22,"Somerset",NA,NA,52
2020-12-23,"Somerset",NA,NA,52
2020-12-24,"Somerset",NA,NA,52
2020-12-25,"Somerset",NA,NA,52
2020-12-26,"Somerset",391,732,52
2020-12-27,"Somerset",NA,NA,53
2020-12-28,"Somerset",NA,NA,53
2020-12-29,"Somerset",NA,NA,53
2020-12-30,"Somerset",NA,NA,53
2020-12-31,"Somerset",NA,NA,53
2021-01-01,"Somerset",NA,NA,53
2021-01-02,"Somerset",400,1452,53
2021-01-03,"Somerset",NA,NA,54
2021-01-04,"Somerset",NA,NA,54
2021-01-05,"Somerset",NA,NA,54
2021-01-06,"Somerset",NA,NA,54
2021-01-07,"Somerset",NA,NA,54
2021-01-08,"Somerset",NA,NA,54
2021-01-09,"Somerset",319,1341,54
2021-01-10,"Somerset",NA,NA,55
2021-01-11,"Somerset",NA,NA,55
2021-01-12,"Somerset",NA,NA,55
2021-01-13,"Somerset",NA,NA,55
2021-01-14,"Somerset",NA,NA,55
2021-01-15,"Somerset",NA,NA,55
2021-01-16,"Somerset",186,1269,55
2021-01-17,"Somerset",NA,NA,56
2021-01-18,"Somerset",NA,NA,56
2021-01-19,"Somerset",NA,NA,56
2021-01-20,"Somerset",NA,NA,56
2021-01-21,"Somerset",NA,NA,56
2021-01-22,"Somerset",NA,NA,56
2021-01-23,"Somerset",182,1021,56
2020-09-26,"South East",NA,NA,39
2020-09-27,"South East",NA,NA,40
2020-09-28,"South East",NA,NA,40
2020-09-29,"South East",NA,NA,40
2020-09-30,"South East",NA,NA,40
2020-10-01,"South East",NA,NA,40
2020-10-02,"South East",NA,NA,40
2020-10-03,"South East",NA,NA,40
2020-10-04,"South East",NA,NA,41
2020-10-05,"South East",NA,NA,41
2020-10-06,"South East",NA,NA,41
2020-10-07,"South East",NA,NA,41
2020-10-08,"South East",NA,NA,41
2020-10-09,"South East",NA,NA,41
2020-10-10,"South East",NA,NA,41
2020-10-11,"South East",NA,NA,42
2020-10-12,"South East",NA,NA,42
2020-10-13,"South East",NA,NA,42
2020-10-14,"South East",NA,NA,42
2020-10-15,"South East",NA,NA,42
2020-10-16,"South East",NA,NA,42
2020-10-17,"South East",NA,NA,42
2020-10-18,"South East",NA,NA,43
2020-10-19,"South East",NA,NA,43
2020-10-20,"South East",NA,NA,43
2020-10-21,"South East",NA,NA,43
2020-10-22,"South East",NA,NA,43
2020-10-23,"South East",NA,NA,43
2020-10-24,"South East",9698,229,43
2020-10-25,"South East",NA,NA,44
2020-10-26,"South East",NA,NA,44
2020-10-27,"South East",NA,NA,44
2020-10-28,"South East",NA,NA,44
2020-10-29,"South East",NA,NA,44
2020-10-30,"South East",NA,NA,44
2020-10-31,"South East",11222,615,44
2020-11-01,"South East",NA,NA,45
2020-11-02,"South East",NA,NA,45
2020-11-03,"South East",NA,NA,45
2020-11-04,"South East",NA,NA,45
2020-11-05,"South East",NA,NA,45
2020-11-06,"South East",NA,NA,45
2020-11-07,"South East",12497,1305,45
2020-11-08,"South East",NA,NA,46
2020-11-09,"South East",NA,NA,46
2020-11-10,"South East",NA,NA,46
2020-11-11,"South East",NA,NA,46
2020-11-12,"South East",NA,NA,46
2020-11-13,"South East",NA,NA,46
2020-11-14,"South East",14700,3502,46
2020-11-15,"South East",NA,NA,47
2020-11-16,"South East",NA,NA,47
2020-11-17,"South East",NA,NA,47
2020-11-18,"South East",NA,NA,47
2020-11-19,"South East",NA,NA,47
2020-11-20,"South East",NA,NA,47
2020-11-21,"South East",10154,4416,47
2020-11-22,"South East",NA,NA,48
2020-11-23,"South East",NA,NA,48
2020-11-24,"South East",NA,NA,48
2020-11-25,"South East",NA,NA,48
2020-11-26,"South East",NA,NA,48
2020-11-27,"South East",NA,NA,48
2020-11-28,"South East",6782,5885,48
2020-11-29,"South East",NA,NA,49
2020-11-30,"South East",NA,NA,49
2020-12-01,"South East",NA,NA,49
2020-12-02,"South East",NA,NA,49
2020-12-03,"South East",NA,NA,49
2020-12-04,"South East",NA,NA,49
2020-12-05,"South East",5880,8818,49
2020-12-06,"South East",NA,NA,50
2020-12-07,"South East",NA,NA,50
2020-12-08,"South East",NA,NA,50
2020-12-09,"South East",NA,NA,50
2020-12-10,"South East",NA,NA,50
2020-12-11,"South East",NA,NA,50
2020-12-12,"South East",6647,15731,50
2020-12-13,"South East",NA,NA,51
2020-12-14,"South East",NA,NA,51
2020-12-15,"South East",NA,NA,51
2020-12-16,"South East",NA,NA,51
2020-12-17,"South East",NA,NA,51
2020-12-18,"South East",NA,NA,51
2020-12-19,"South East",8920,28888,51
2020-12-20,"South East",NA,NA,52
2020-12-21,"South East",NA,NA,52
2020-12-22,"South East",NA,NA,52
2020-12-23,"South East",NA,NA,52
2020-12-24,"South East",NA,NA,52
2020-12-25,"South East",NA,NA,52
2020-12-26,"South East",7865,38762,52
2020-12-27,"South East",NA,NA,53
2020-12-28,"South East",NA,NA,53
2020-12-29,"South East",NA,NA,53
2020-12-30,"South East",NA,NA,53
2020-12-31,"South East",NA,NA,53
2021-01-01,"South East",NA,NA,53
2021-01-02,"South East",8334,60716,53
2021-01-03,"South East",NA,NA,54
2021-01-04,"South East",NA,NA,54
2021-01-05,"South East",NA,NA,54
2021-01-06,"South East",NA,NA,54
2021-01-07,"South East",NA,NA,54
2021-01-08,"South East",NA,NA,54
2021-01-09,"South East",5429,57300,54
2021-01-10,"South East",NA,NA,55
2021-01-11,"South East",NA,NA,55
2021-01-12,"South East",NA,NA,55
2021-01-13,"South East",NA,NA,55
2021-01-14,"South East",NA,NA,55
2021-01-15,"South East",NA,NA,55
2021-01-16,"South East",2987,42752,55
2021-01-17,"South East",NA,NA,56
2021-01-18,"South East",NA,NA,56
2021-01-19,"South East",NA,NA,56
2021-01-20,"South East",NA,NA,56
2021-01-21,"South East",NA,NA,56
2021-01-22,"South East",NA,NA,56
2021-01-23,"South East",1963,31578,56
2020-09-26,"South West",NA,NA,39
2020-09-27,"South West",NA,NA,40
2020-09-28,"South West",NA,NA,40
2020-09-29,"South West",NA,NA,40
2020-09-30,"South West",NA,NA,40
2020-10-01,"South West",NA,NA,40
2020-10-02,"South West",NA,NA,40
2020-10-03,"South West",NA,NA,40
2020-10-04,"South West",NA,NA,41
2020-10-05,"South West",NA,NA,41
2020-10-06,"South West",NA,NA,41
2020-10-07,"South West",NA,NA,41
2020-10-08,"South West",NA,NA,41
2020-10-09,"South West",NA,NA,41
2020-10-10,"South West",NA,NA,41
2020-10-11,"South West",NA,NA,42
2020-10-12,"South West",NA,NA,42
2020-10-13,"South West",NA,NA,42
2020-10-14,"South West",NA,NA,42
2020-10-15,"South West",NA,NA,42
2020-10-16,"South West",NA,NA,42
2020-10-17,"South West",NA,NA,42
2020-10-18,"South West",NA,NA,43
2020-10-19,"South West",NA,NA,43
2020-10-20,"South West",NA,NA,43
2020-10-21,"South West",NA,NA,43
2020-10-22,"South West",NA,NA,43
2020-10-23,"South West",NA,NA,43
2020-10-24,"South West",6735,17,43
2020-10-25,"South West",NA,NA,44
2020-10-26,"South West",NA,NA,44
2020-10-27,"South West",NA,NA,44
2020-10-28,"South West",NA,NA,44
2020-10-29,"South West",NA,NA,44
2020-10-30,"South West",NA,NA,44
2020-10-31,"South West",7628,70,44
2020-11-01,"South West",NA,NA,45
2020-11-02,"South West",NA,NA,45
2020-11-03,"South West",NA,NA,45
2020-11-04,"South West",NA,NA,45
2020-11-05,"South West",NA,NA,45
2020-11-06,"South West",NA,NA,45
2020-11-07,"South West",8630,143,45
2020-11-08,"South West",NA,NA,46
2020-11-09,"South West",NA,NA,46
2020-11-10,"South West",NA,NA,46
2020-11-11,"South West",NA,NA,46
2020-11-12,"South West",NA,NA,46
2020-11-13,"South West",NA,NA,46
2020-11-14,"South West",9417,296,46
2020-11-15,"South West",NA,NA,47
2020-11-16,"South West",NA,NA,47
2020-11-17,"South West",NA,NA,47
2020-11-18,"South West",NA,NA,47
2020-11-19,"South West",NA,NA,47
2020-11-20,"South West",NA,NA,47
2020-11-21,"South West",6341,333,47
2020-11-22,"South West",NA,NA,48
2020-11-23,"South West",NA,NA,48
2020-11-24,"South West",NA,NA,48
2020-11-25,"South West",NA,NA,48
2020-11-26,"South West",NA,NA,48
2020-11-27,"South West",NA,NA,48
2020-11-28,"South West",3787,390,48
2020-11-29,"South West",NA,NA,49
2020-11-30,"South West",NA,NA,49
2020-12-01,"South West",NA,NA,49
2020-12-02,"South West",NA,NA,49
2020-12-03,"South West",NA,NA,49
2020-12-04,"South West",NA,NA,49
2020-12-05,"South West",3050,500,49
2020-12-06,"South West",NA,NA,50
2020-12-07,"South West",NA,NA,50
2020-12-08,"South West",NA,NA,50
2020-12-09,"South West",NA,NA,50
2020-12-10,"South West",NA,NA,50
2020-12-11,"South West",NA,NA,50
2020-12-12,"South West",3124,1097,50
2020-12-13,"South West",NA,NA,51
2020-12-14,"South West",NA,NA,51
2020-12-15,"South West",NA,NA,51
2020-12-16,"South West",NA,NA,51
2020-12-17,"South West",NA,NA,51
2020-12-18,"South West",NA,NA,51
2020-12-19,"South West",3883,2536,51
2020-12-20,"South West",NA,NA,52
2020-12-21,"South West",NA,NA,52
2020-12-22,"South West",NA,NA,52
2020-12-23,"South West",NA,NA,52
2020-12-24,"South West",NA,NA,52
2020-12-25,"South West",NA,NA,52
2020-12-26,"South West",4211,4826,52
2020-12-27,"South West",NA,NA,53
2020-12-28,"South West",NA,NA,53
2020-12-29,"South West",NA,NA,53
2020-12-30,"South West",NA,NA,53
2020-12-31,"South West",NA,NA,53
2021-01-01,"South West",NA,NA,53
2021-01-02,"South West",5635,12536,53
2021-01-03,"South West",NA,NA,54
2021-01-04,"South West",NA,NA,54
2021-01-05,"South West",NA,NA,54
2021-01-06,"South West",NA,NA,54
2021-01-07,"South West",NA,NA,54
2021-01-08,"South West",NA,NA,54
2021-01-09,"South West",4582,15402,54
2021-01-10,"South West",NA,NA,55
2021-01-11,"South West",NA,NA,55
2021-01-12,"South West",NA,NA,55
2021-01-13,"South West",NA,NA,55
2021-01-14,"South West",NA,NA,55
2021-01-15,"South West",NA,NA,55
2021-01-16,"South West",2384,13886,55
2021-01-17,"South West",NA,NA,56
2021-01-18,"South West",NA,NA,56
2021-01-19,"South West",NA,NA,56
2021-01-20,"South West",NA,NA,56
2021-01-21,"South West",NA,NA,56
2021-01-22,"South West",NA,NA,56
2021-01-23,"South West",1255,10816,56
2020-09-26,"South West London Health and Care Partnership",NA,NA,39
2020-09-27,"South West London Health and Care Partnership",NA,NA,40
2020-09-28,"South West London Health and Care Partnership",NA,NA,40
2020-09-29,"South West London Health and Care Partnership",NA,NA,40
2020-09-30,"South West London Health and Care Partnership",NA,NA,40
2020-10-01,"South West London Health and Care Partnership",NA,NA,40
2020-10-02,"South West London Health and Care Partnership",NA,NA,40
2020-10-03,"South West London Health and Care Partnership",NA,NA,40
2020-10-04,"South West London Health and Care Partnership",NA,NA,41
2020-10-05,"South West London Health and Care Partnership",NA,NA,41
2020-10-06,"South West London Health and Care Partnership",NA,NA,41
2020-10-07,"South West London Health and Care Partnership",NA,NA,41
2020-10-08,"South West London Health and Care Partnership",NA,NA,41
2020-10-09,"South West London Health and Care Partnership",NA,NA,41
2020-10-10,"South West London Health and Care Partnership",NA,NA,41
2020-10-11,"South West London Health and Care Partnership",NA,NA,42
2020-10-12,"South West London Health and Care Partnership",NA,NA,42
2020-10-13,"South West London Health and Care Partnership",NA,NA,42
2020-10-14,"South West London Health and Care Partnership",NA,NA,42
2020-10-15,"South West London Health and Care Partnership",NA,NA,42
2020-10-16,"South West London Health and Care Partnership",NA,NA,42
2020-10-17,"South West London Health and Care Partnership",NA,NA,42
2020-10-18,"South West London Health and Care Partnership",NA,NA,43
2020-10-19,"South West London Health and Care Partnership",NA,NA,43
2020-10-20,"South West London Health and Care Partnership",NA,NA,43
2020-10-21,"South West London Health and Care Partnership",NA,NA,43
2020-10-22,"South West London Health and Care Partnership",NA,NA,43
2020-10-23,"South West London Health and Care Partnership",NA,NA,43
2020-10-24,"South West London Health and Care Partnership",1941,8,43
2020-10-25,"South West London Health and Care Partnership",NA,NA,44
2020-10-26,"South West London Health and Care Partnership",NA,NA,44
2020-10-27,"South West London Health and Care Partnership",NA,NA,44
2020-10-28,"South West London Health and Care Partnership",NA,NA,44
2020-10-29,"South West London Health and Care Partnership",NA,NA,44
2020-10-30,"South West London Health and Care Partnership",NA,NA,44
2020-10-31,"South West London Health and Care Partnership",1714,19,44
2020-11-01,"South West London Health and Care Partnership",NA,NA,45
2020-11-02,"South West London Health and Care Partnership",NA,NA,45
2020-11-03,"South West London Health and Care Partnership",NA,NA,45
2020-11-04,"South West London Health and Care Partnership",NA,NA,45
2020-11-05,"South West London Health and Care Partnership",NA,NA,45
2020-11-06,"South West London Health and Care Partnership",NA,NA,45
2020-11-07,"South West London Health and Care Partnership",1664,75,45
2020-11-08,"South West London Health and Care Partnership",NA,NA,46
2020-11-09,"South West London Health and Care Partnership",NA,NA,46
2020-11-10,"South West London Health and Care Partnership",NA,NA,46
2020-11-11,"South West London Health and Care Partnership",NA,NA,46
2020-11-12,"South West London Health and Care Partnership",NA,NA,46
2020-11-13,"South West London Health and Care Partnership",NA,NA,46
2020-11-14,"South West London Health and Care Partnership",2084,193,46
2020-11-15,"South West London Health and Care Partnership",NA,NA,47
2020-11-16,"South West London Health and Care Partnership",NA,NA,47
2020-11-17,"South West London Health and Care Partnership",NA,NA,47
2020-11-18,"South West London Health and Care Partnership",NA,NA,47
2020-11-19,"South West London Health and Care Partnership",NA,NA,47
2020-11-20,"South West London Health and Care Partnership",NA,NA,47
2020-11-21,"South West London Health and Care Partnership",1476,322,47
2020-11-22,"South West London Health and Care Partnership",NA,NA,48
2020-11-23,"South West London Health and Care Partnership",NA,NA,48
2020-11-24,"South West London Health and Care Partnership",NA,NA,48
2020-11-25,"South West London Health and Care Partnership",NA,NA,48
2020-11-26,"South West London Health and Care Partnership",NA,NA,48
2020-11-27,"South West London Health and Care Partnership",NA,NA,48
2020-11-28,"South West London Health and Care Partnership",1051,612,48
2020-11-29,"South West London Health and Care Partnership",NA,NA,49
2020-11-30,"South West London Health and Care Partnership",NA,NA,49
2020-12-01,"South West London Health and Care Partnership",NA,NA,49
2020-12-02,"South West London Health and Care Partnership",NA,NA,49
2020-12-03,"South West London Health and Care Partnership",NA,NA,49
2020-12-04,"South West London Health and Care Partnership",NA,NA,49
2020-12-05,"South West London Health and Care Partnership",976,1175,49
2020-12-06,"South West London Health and Care Partnership",NA,NA,50
2020-12-07,"South West London Health and Care Partnership",NA,NA,50
2020-12-08,"South West London Health and Care Partnership",NA,NA,50
2020-12-09,"South West London Health and Care Partnership",NA,NA,50
2020-12-10,"South West London Health and Care Partnership",NA,NA,50
2020-12-11,"South West London Health and Care Partnership",NA,NA,50
2020-12-12,"South West London Health and Care Partnership",1263,2608,50
2020-12-13,"South West London Health and Care Partnership",NA,NA,51
2020-12-14,"South West London Health and Care Partnership",NA,NA,51
2020-12-15,"South West London Health and Care Partnership",NA,NA,51
2020-12-16,"South West London Health and Care Partnership",NA,NA,51
2020-12-17,"South West London Health and Care Partnership",NA,NA,51
2020-12-18,"South West London Health and Care Partnership",NA,NA,51
2020-12-19,"South West London Health and Care Partnership",1546,6590,51
2020-12-20,"South West London Health and Care Partnership",NA,NA,52
2020-12-21,"South West London Health and Care Partnership",NA,NA,52
2020-12-22,"South West London Health and Care Partnership",NA,NA,52
2020-12-23,"South West London Health and Care Partnership",NA,NA,52
2020-12-24,"South West London Health and Care Partnership",NA,NA,52
2020-12-25,"South West London Health and Care Partnership",NA,NA,52
2020-12-26,"South West London Health and Care Partnership",1403,9184,52
2020-12-27,"South West London Health and Care Partnership",NA,NA,53
2020-12-28,"South West London Health and Care Partnership",NA,NA,53
2020-12-29,"South West London Health and Care Partnership",NA,NA,53
2020-12-30,"South West London Health and Care Partnership",NA,NA,53
2020-12-31,"South West London Health and Care Partnership",NA,NA,53
2021-01-01,"South West London Health and Care Partnership",NA,NA,53
2021-01-02,"South West London Health and Care Partnership",1220,11720,53
2021-01-03,"South West London Health and Care Partnership",NA,NA,54
2021-01-04,"South West London Health and Care Partnership",NA,NA,54
2021-01-05,"South West London Health and Care Partnership",NA,NA,54
2021-01-06,"South West London Health and Care Partnership",NA,NA,54
2021-01-07,"South West London Health and Care Partnership",NA,NA,54
2021-01-08,"South West London Health and Care Partnership",NA,NA,54
2021-01-09,"South West London Health and Care Partnership",742,10672,54
2021-01-10,"South West London Health and Care Partnership",NA,NA,55
2021-01-11,"South West London Health and Care Partnership",NA,NA,55
2021-01-12,"South West London Health and Care Partnership",NA,NA,55
2021-01-13,"South West London Health and Care Partnership",NA,NA,55
2021-01-14,"South West London Health and Care Partnership",NA,NA,55
2021-01-15,"South West London Health and Care Partnership",NA,NA,55
2021-01-16,"South West London Health and Care Partnership",407,7546,55
2021-01-17,"South West London Health and Care Partnership",NA,NA,56
2021-01-18,"South West London Health and Care Partnership",NA,NA,56
2021-01-19,"South West London Health and Care Partnership",NA,NA,56
2021-01-20,"South West London Health and Care Partnership",NA,NA,56
2021-01-21,"South West London Health and Care Partnership",NA,NA,56
2021-01-22,"South West London Health and Care Partnership",NA,NA,56
2021-01-23,"South West London Health and Care Partnership",238,5311,56
2020-09-26,"South Yorkshire and Bassetlaw",NA,NA,39
2020-09-27,"South Yorkshire and Bassetlaw",NA,NA,40
2020-09-28,"South Yorkshire and Bassetlaw",NA,NA,40
2020-09-29,"South Yorkshire and Bassetlaw",NA,NA,40
2020-09-30,"South Yorkshire and Bassetlaw",NA,NA,40
2020-10-01,"South Yorkshire and Bassetlaw",NA,NA,40
2020-10-02,"South Yorkshire and Bassetlaw",NA,NA,40
2020-10-03,"South Yorkshire and Bassetlaw",NA,NA,40
2020-10-04,"South Yorkshire and Bassetlaw",NA,NA,41
2020-10-05,"South Yorkshire and Bassetlaw",NA,NA,41
2020-10-06,"South Yorkshire and Bassetlaw",NA,NA,41
2020-10-07,"South Yorkshire and Bassetlaw",NA,NA,41
2020-10-08,"South Yorkshire and Bassetlaw",NA,NA,41
2020-10-09,"South Yorkshire and Bassetlaw",NA,NA,41
2020-10-10,"South Yorkshire and Bassetlaw",NA,NA,41
2020-10-11,"South Yorkshire and Bassetlaw",NA,NA,42
2020-10-12,"South Yorkshire and Bassetlaw",NA,NA,42
2020-10-13,"South Yorkshire and Bassetlaw",NA,NA,42
2020-10-14,"South Yorkshire and Bassetlaw",NA,NA,42
2020-10-15,"South Yorkshire and Bassetlaw",NA,NA,42
2020-10-16,"South Yorkshire and Bassetlaw",NA,NA,42
2020-10-17,"South Yorkshire and Bassetlaw",NA,NA,42
2020-10-18,"South Yorkshire and Bassetlaw",NA,NA,43
2020-10-19,"South Yorkshire and Bassetlaw",NA,NA,43
2020-10-20,"South Yorkshire and Bassetlaw",NA,NA,43
2020-10-21,"South Yorkshire and Bassetlaw",NA,NA,43
2020-10-22,"South Yorkshire and Bassetlaw",NA,NA,43
2020-10-23,"South Yorkshire and Bassetlaw",NA,NA,43
2020-10-24,"South Yorkshire and Bassetlaw",6447,1,43
2020-10-25,"South Yorkshire and Bassetlaw",NA,NA,44
2020-10-26,"South Yorkshire and Bassetlaw",NA,NA,44
2020-10-27,"South Yorkshire and Bassetlaw",NA,NA,44
2020-10-28,"South Yorkshire and Bassetlaw",NA,NA,44
2020-10-29,"South Yorkshire and Bassetlaw",NA,NA,44
2020-10-30,"South Yorkshire and Bassetlaw",NA,NA,44
2020-10-31,"South Yorkshire and Bassetlaw",6259,2,44
2020-11-01,"South Yorkshire and Bassetlaw",NA,NA,45
2020-11-02,"South Yorkshire and Bassetlaw",NA,NA,45
2020-11-03,"South Yorkshire and Bassetlaw",NA,NA,45
2020-11-04,"South Yorkshire and Bassetlaw",NA,NA,45
2020-11-05,"South Yorkshire and Bassetlaw",NA,NA,45
2020-11-06,"South Yorkshire and Bassetlaw",NA,NA,45
2020-11-07,"South Yorkshire and Bassetlaw",5532,8,45
2020-11-08,"South Yorkshire and Bassetlaw",NA,NA,46
2020-11-09,"South Yorkshire and Bassetlaw",NA,NA,46
2020-11-10,"South Yorkshire and Bassetlaw",NA,NA,46
2020-11-11,"South Yorkshire and Bassetlaw",NA,NA,46
2020-11-12,"South Yorkshire and Bassetlaw",NA,NA,46
2020-11-13,"South Yorkshire and Bassetlaw",NA,NA,46
2020-11-14,"South Yorkshire and Bassetlaw",4510,15,46
2020-11-15,"South Yorkshire and Bassetlaw",NA,NA,47
2020-11-16,"South Yorkshire and Bassetlaw",NA,NA,47
2020-11-17,"South Yorkshire and Bassetlaw",NA,NA,47
2020-11-18,"South Yorkshire and Bassetlaw",NA,NA,47
2020-11-19,"South Yorkshire and Bassetlaw",NA,NA,47
2020-11-20,"South Yorkshire and Bassetlaw",NA,NA,47
2020-11-21,"South Yorkshire and Bassetlaw",3140,24,47
2020-11-22,"South Yorkshire and Bassetlaw",NA,NA,48
2020-11-23,"South Yorkshire and Bassetlaw",NA,NA,48
2020-11-24,"South Yorkshire and Bassetlaw",NA,NA,48
2020-11-25,"South Yorkshire and Bassetlaw",NA,NA,48
2020-11-26,"South Yorkshire and Bassetlaw",NA,NA,48
2020-11-27,"South Yorkshire and Bassetlaw",NA,NA,48
2020-11-28,"South Yorkshire and Bassetlaw",2249,30,48
2020-11-29,"South Yorkshire and Bassetlaw",NA,NA,49
2020-11-30,"South Yorkshire and Bassetlaw",NA,NA,49
2020-12-01,"South Yorkshire and Bassetlaw",NA,NA,49
2020-12-02,"South Yorkshire and Bassetlaw",NA,NA,49
2020-12-03,"South Yorkshire and Bassetlaw",NA,NA,49
2020-12-04,"South Yorkshire and Bassetlaw",NA,NA,49
2020-12-05,"South Yorkshire and Bassetlaw",1913,29,49
2020-12-06,"South Yorkshire and Bassetlaw",NA,NA,50
2020-12-07,"South Yorkshire and Bassetlaw",NA,NA,50
2020-12-08,"South Yorkshire and Bassetlaw",NA,NA,50
2020-12-09,"South Yorkshire and Bassetlaw",NA,NA,50
2020-12-10,"South Yorkshire and Bassetlaw",NA,NA,50
2020-12-11,"South Yorkshire and Bassetlaw",NA,NA,50
2020-12-12,"South Yorkshire and Bassetlaw",2078,49,50
2020-12-13,"South Yorkshire and Bassetlaw",NA,NA,51
2020-12-14,"South Yorkshire and Bassetlaw",NA,NA,51
2020-12-15,"South Yorkshire and Bassetlaw",NA,NA,51
2020-12-16,"South Yorkshire and Bassetlaw",NA,NA,51
2020-12-17,"South Yorkshire and Bassetlaw",NA,NA,51
2020-12-18,"South Yorkshire and Bassetlaw",NA,NA,51
2020-12-19,"South Yorkshire and Bassetlaw",2113,162,51
2020-12-20,"South Yorkshire and Bassetlaw",NA,NA,52
2020-12-21,"South Yorkshire and Bassetlaw",NA,NA,52
2020-12-22,"South Yorkshire and Bassetlaw",NA,NA,52
2020-12-23,"South Yorkshire and Bassetlaw",NA,NA,52
2020-12-24,"South Yorkshire and Bassetlaw",NA,NA,52
2020-12-25,"South Yorkshire and Bassetlaw",NA,NA,52
2020-12-26,"South Yorkshire and Bassetlaw",2068,439,52
2020-12-27,"South Yorkshire and Bassetlaw",NA,NA,53
2020-12-28,"South Yorkshire and Bassetlaw",NA,NA,53
2020-12-29,"South Yorkshire and Bassetlaw",NA,NA,53
2020-12-30,"South Yorkshire and Bassetlaw",NA,NA,53
2020-12-31,"South Yorkshire and Bassetlaw",NA,NA,53
2021-01-01,"South Yorkshire and Bassetlaw",NA,NA,53
2021-01-02,"South Yorkshire and Bassetlaw",2516,1349,53
2021-01-03,"South Yorkshire and Bassetlaw",NA,NA,54
2021-01-04,"South Yorkshire and Bassetlaw",NA,NA,54
2021-01-05,"South Yorkshire and Bassetlaw",NA,NA,54
2021-01-06,"South Yorkshire and Bassetlaw",NA,NA,54
2021-01-07,"South Yorkshire and Bassetlaw",NA,NA,54
2021-01-08,"South Yorkshire and Bassetlaw",NA,NA,54
2021-01-09,"South Yorkshire and Bassetlaw",1906,2045,54
2021-01-10,"South Yorkshire and Bassetlaw",NA,NA,55
2021-01-11,"South Yorkshire and Bassetlaw",NA,NA,55
2021-01-12,"South Yorkshire and Bassetlaw",NA,NA,55
2021-01-13,"South Yorkshire and Bassetlaw",NA,NA,55
2021-01-14,"South Yorkshire and Bassetlaw",NA,NA,55
2021-01-15,"South Yorkshire and Bassetlaw",NA,NA,55
2021-01-16,"South Yorkshire and Bassetlaw",1001,2129,55
2021-01-17,"South Yorkshire and Bassetlaw",NA,NA,56
2021-01-18,"South Yorkshire and Bassetlaw",NA,NA,56
2021-01-19,"South Yorkshire and Bassetlaw",NA,NA,56
2021-01-20,"South Yorkshire and Bassetlaw",NA,NA,56
2021-01-21,"South Yorkshire and Bassetlaw",NA,NA,56
2021-01-22,"South Yorkshire and Bassetlaw",NA,NA,56
2021-01-23,"South Yorkshire and Bassetlaw",839,2337,56
2020-09-26,"Staffordshire and Stoke on Trent",NA,NA,39
2020-09-27,"Staffordshire and Stoke on Trent",NA,NA,40
2020-09-28,"Staffordshire and Stoke on Trent",NA,NA,40
2020-09-29,"Staffordshire and Stoke on Trent",NA,NA,40
2020-09-30,"Staffordshire and Stoke on Trent",NA,NA,40
2020-10-01,"Staffordshire and Stoke on Trent",NA,NA,40
2020-10-02,"Staffordshire and Stoke on Trent",NA,NA,40
2020-10-03,"Staffordshire and Stoke on Trent",NA,NA,40
2020-10-04,"Staffordshire and Stoke on Trent",NA,NA,41
2020-10-05,"Staffordshire and Stoke on Trent",NA,NA,41
2020-10-06,"Staffordshire and Stoke on Trent",NA,NA,41
2020-10-07,"Staffordshire and Stoke on Trent",NA,NA,41
2020-10-08,"Staffordshire and Stoke on Trent",NA,NA,41
2020-10-09,"Staffordshire and Stoke on Trent",NA,NA,41
2020-10-10,"Staffordshire and Stoke on Trent",NA,NA,41
2020-10-11,"Staffordshire and Stoke on Trent",NA,NA,42
2020-10-12,"Staffordshire and Stoke on Trent",NA,NA,42
2020-10-13,"Staffordshire and Stoke on Trent",NA,NA,42
2020-10-14,"Staffordshire and Stoke on Trent",NA,NA,42
2020-10-15,"Staffordshire and Stoke on Trent",NA,NA,42
2020-10-16,"Staffordshire and Stoke on Trent",NA,NA,42
2020-10-17,"Staffordshire and Stoke on Trent",NA,NA,42
2020-10-18,"Staffordshire and Stoke on Trent",NA,NA,43
2020-10-19,"Staffordshire and Stoke on Trent",NA,NA,43
2020-10-20,"Staffordshire and Stoke on Trent",NA,NA,43
2020-10-21,"Staffordshire and Stoke on Trent",NA,NA,43
2020-10-22,"Staffordshire and Stoke on Trent",NA,NA,43
2020-10-23,"Staffordshire and Stoke on Trent",NA,NA,43
2020-10-24,"Staffordshire and Stoke on Trent",2606,2,43
2020-10-25,"Staffordshire and Stoke on Trent",NA,NA,44
2020-10-26,"Staffordshire and Stoke on Trent",NA,NA,44
2020-10-27,"Staffordshire and Stoke on Trent",NA,NA,44
2020-10-28,"Staffordshire and Stoke on Trent",NA,NA,44
2020-10-29,"Staffordshire and Stoke on Trent",NA,NA,44
2020-10-30,"Staffordshire and Stoke on Trent",NA,NA,44
2020-10-31,"Staffordshire and Stoke on Trent",3529,6,44
2020-11-01,"Staffordshire and Stoke on Trent",NA,NA,45
2020-11-02,"Staffordshire and Stoke on Trent",NA,NA,45
2020-11-03,"Staffordshire and Stoke on Trent",NA,NA,45
2020-11-04,"Staffordshire and Stoke on Trent",NA,NA,45
2020-11-05,"Staffordshire and Stoke on Trent",NA,NA,45
2020-11-06,"Staffordshire and Stoke on Trent",NA,NA,45
2020-11-07,"Staffordshire and Stoke on Trent",3996,11,45
2020-11-08,"Staffordshire and Stoke on Trent",NA,NA,46
2020-11-09,"Staffordshire and Stoke on Trent",NA,NA,46
2020-11-10,"Staffordshire and Stoke on Trent",NA,NA,46
2020-11-11,"Staffordshire and Stoke on Trent",NA,NA,46
2020-11-12,"Staffordshire and Stoke on Trent",NA,NA,46
2020-11-13,"Staffordshire and Stoke on Trent",NA,NA,46
2020-11-14,"Staffordshire and Stoke on Trent",4557,40,46
2020-11-15,"Staffordshire and Stoke on Trent",NA,NA,47
2020-11-16,"Staffordshire and Stoke on Trent",NA,NA,47
2020-11-17,"Staffordshire and Stoke on Trent",NA,NA,47
2020-11-18,"Staffordshire and Stoke on Trent",NA,NA,47
2020-11-19,"Staffordshire and Stoke on Trent",NA,NA,47
2020-11-20,"Staffordshire and Stoke on Trent",NA,NA,47
2020-11-21,"Staffordshire and Stoke on Trent",3319,45,47
2020-11-22,"Staffordshire and Stoke on Trent",NA,NA,48
2020-11-23,"Staffordshire and Stoke on Trent",NA,NA,48
2020-11-24,"Staffordshire and Stoke on Trent",NA,NA,48
2020-11-25,"Staffordshire and Stoke on Trent",NA,NA,48
2020-11-26,"Staffordshire and Stoke on Trent",NA,NA,48
2020-11-27,"Staffordshire and Stoke on Trent",NA,NA,48
2020-11-28,"Staffordshire and Stoke on Trent",2318,45,48
2020-11-29,"Staffordshire and Stoke on Trent",NA,NA,49
2020-11-30,"Staffordshire and Stoke on Trent",NA,NA,49
2020-12-01,"Staffordshire and Stoke on Trent",NA,NA,49
2020-12-02,"Staffordshire and Stoke on Trent",NA,NA,49
2020-12-03,"Staffordshire and Stoke on Trent",NA,NA,49
2020-12-04,"Staffordshire and Stoke on Trent",NA,NA,49
2020-12-05,"Staffordshire and Stoke on Trent",1944,55,49
2020-12-06,"Staffordshire and Stoke on Trent",NA,NA,50
2020-12-07,"Staffordshire and Stoke on Trent",NA,NA,50
2020-12-08,"Staffordshire and Stoke on Trent",NA,NA,50
2020-12-09,"Staffordshire and Stoke on Trent",NA,NA,50
2020-12-10,"Staffordshire and Stoke on Trent",NA,NA,50
2020-12-11,"Staffordshire and Stoke on Trent",NA,NA,50
2020-12-12,"Staffordshire and Stoke on Trent",1986,215,50
2020-12-13,"Staffordshire and Stoke on Trent",NA,NA,51
2020-12-14,"Staffordshire and Stoke on Trent",NA,NA,51
2020-12-15,"Staffordshire and Stoke on Trent",NA,NA,51
2020-12-16,"Staffordshire and Stoke on Trent",NA,NA,51
2020-12-17,"Staffordshire and Stoke on Trent",NA,NA,51
2020-12-18,"Staffordshire and Stoke on Trent",NA,NA,51
2020-12-19,"Staffordshire and Stoke on Trent",2036,490,51
2020-12-20,"Staffordshire and Stoke on Trent",NA,NA,52
2020-12-21,"Staffordshire and Stoke on Trent",NA,NA,52
2020-12-22,"Staffordshire and Stoke on Trent",NA,NA,52
2020-12-23,"Staffordshire and Stoke on Trent",NA,NA,52
2020-12-24,"Staffordshire and Stoke on Trent",NA,NA,52
2020-12-25,"Staffordshire and Stoke on Trent",NA,NA,52
2020-12-26,"Staffordshire and Stoke on Trent",1541,1130,52
2020-12-27,"Staffordshire and Stoke on Trent",NA,NA,53
2020-12-28,"Staffordshire and Stoke on Trent",NA,NA,53
2020-12-29,"Staffordshire and Stoke on Trent",NA,NA,53
2020-12-30,"Staffordshire and Stoke on Trent",NA,NA,53
2020-12-31,"Staffordshire and Stoke on Trent",NA,NA,53
2021-01-01,"Staffordshire and Stoke on Trent",NA,NA,53
2021-01-02,"Staffordshire and Stoke on Trent",1879,2627,53
2021-01-03,"Staffordshire and Stoke on Trent",NA,NA,54
2021-01-04,"Staffordshire and Stoke on Trent",NA,NA,54
2021-01-05,"Staffordshire and Stoke on Trent",NA,NA,54
2021-01-06,"Staffordshire and Stoke on Trent",NA,NA,54
2021-01-07,"Staffordshire and Stoke on Trent",NA,NA,54
2021-01-08,"Staffordshire and Stoke on Trent",NA,NA,54
2021-01-09,"Staffordshire and Stoke on Trent",1510,3310,54
2021-01-10,"Staffordshire and Stoke on Trent",NA,NA,55
2021-01-11,"Staffordshire and Stoke on Trent",NA,NA,55
2021-01-12,"Staffordshire and Stoke on Trent",NA,NA,55
2021-01-13,"Staffordshire and Stoke on Trent",NA,NA,55
2021-01-14,"Staffordshire and Stoke on Trent",NA,NA,55
2021-01-15,"Staffordshire and Stoke on Trent",NA,NA,55
2021-01-16,"Staffordshire and Stoke on Trent",1055,3111,55
2021-01-17,"Staffordshire and Stoke on Trent",NA,NA,56
2021-01-18,"Staffordshire and Stoke on Trent",NA,NA,56
2021-01-19,"Staffordshire and Stoke on Trent",NA,NA,56
2021-01-20,"Staffordshire and Stoke on Trent",NA,NA,56
2021-01-21,"Staffordshire and Stoke on Trent",NA,NA,56
2021-01-22,"Staffordshire and Stoke on Trent",NA,NA,56
2021-01-23,"Staffordshire and Stoke on Trent",592,2885,56
2020-09-26,"Suffolk and North East Essex",NA,NA,39
2020-09-27,"Suffolk and North East Essex",NA,NA,40
2020-09-28,"Suffolk and North East Essex",NA,NA,40
2020-09-29,"Suffolk and North East Essex",NA,NA,40
2020-09-30,"Suffolk and North East Essex",NA,NA,40
2020-10-01,"Suffolk and North East Essex",NA,NA,40
2020-10-02,"Suffolk and North East Essex",NA,NA,40
2020-10-03,"Suffolk and North East Essex",NA,NA,40
2020-10-04,"Suffolk and North East Essex",NA,NA,41
2020-10-05,"Suffolk and North East Essex",NA,NA,41
2020-10-06,"Suffolk and North East Essex",NA,NA,41
2020-10-07,"Suffolk and North East Essex",NA,NA,41
2020-10-08,"Suffolk and North East Essex",NA,NA,41
2020-10-09,"Suffolk and North East Essex",NA,NA,41
2020-10-10,"Suffolk and North East Essex",NA,NA,41
2020-10-11,"Suffolk and North East Essex",NA,NA,42
2020-10-12,"Suffolk and North East Essex",NA,NA,42
2020-10-13,"Suffolk and North East Essex",NA,NA,42
2020-10-14,"Suffolk and North East Essex",NA,NA,42
2020-10-15,"Suffolk and North East Essex",NA,NA,42
2020-10-16,"Suffolk and North East Essex",NA,NA,42
2020-10-17,"Suffolk and North East Essex",NA,NA,42
2020-10-18,"Suffolk and North East Essex",NA,NA,43
2020-10-19,"Suffolk and North East Essex",NA,NA,43
2020-10-20,"Suffolk and North East Essex",NA,NA,43
2020-10-21,"Suffolk and North East Essex",NA,NA,43
2020-10-22,"Suffolk and North East Essex",NA,NA,43
2020-10-23,"Suffolk and North East Essex",NA,NA,43
2020-10-24,"Suffolk and North East Essex",662,2,43
2020-10-25,"Suffolk and North East Essex",NA,NA,44
2020-10-26,"Suffolk and North East Essex",NA,NA,44
2020-10-27,"Suffolk and North East Essex",NA,NA,44
2020-10-28,"Suffolk and North East Essex",NA,NA,44
2020-10-29,"Suffolk and North East Essex",NA,NA,44
2020-10-30,"Suffolk and North East Essex",NA,NA,44
2020-10-31,"Suffolk and North East Essex",568,7,44
2020-11-01,"Suffolk and North East Essex",NA,NA,45
2020-11-02,"Suffolk and North East Essex",NA,NA,45
2020-11-03,"Suffolk and North East Essex",NA,NA,45
2020-11-04,"Suffolk and North East Essex",NA,NA,45
2020-11-05,"Suffolk and North East Essex",NA,NA,45
2020-11-06,"Suffolk and North East Essex",NA,NA,45
2020-11-07,"Suffolk and North East Essex",567,10,45
2020-11-08,"Suffolk and North East Essex",NA,NA,46
2020-11-09,"Suffolk and North East Essex",NA,NA,46
2020-11-10,"Suffolk and North East Essex",NA,NA,46
2020-11-11,"Suffolk and North East Essex",NA,NA,46
2020-11-12,"Suffolk and North East Essex",NA,NA,46
2020-11-13,"Suffolk and North East Essex",NA,NA,46
2020-11-14,"Suffolk and North East Essex",575,25,46
2020-11-15,"Suffolk and North East Essex",NA,NA,47
2020-11-16,"Suffolk and North East Essex",NA,NA,47
2020-11-17,"Suffolk and North East Essex",NA,NA,47
2020-11-18,"Suffolk and North East Essex",NA,NA,47
2020-11-19,"Suffolk and North East Essex",NA,NA,47
2020-11-20,"Suffolk and North East Essex",NA,NA,47
2020-11-21,"Suffolk and North East Essex",435,90,47
2020-11-22,"Suffolk and North East Essex",NA,NA,48
2020-11-23,"Suffolk and North East Essex",NA,NA,48
2020-11-24,"Suffolk and North East Essex",NA,NA,48
2020-11-25,"Suffolk and North East Essex",NA,NA,48
2020-11-26,"Suffolk and North East Essex",NA,NA,48
2020-11-27,"Suffolk and North East Essex",NA,NA,48
2020-11-28,"Suffolk and North East Essex",344,105,48
2020-11-29,"Suffolk and North East Essex",NA,NA,49
2020-11-30,"Suffolk and North East Essex",NA,NA,49
2020-12-01,"Suffolk and North East Essex",NA,NA,49
2020-12-02,"Suffolk and North East Essex",NA,NA,49
2020-12-03,"Suffolk and North East Essex",NA,NA,49
2020-12-04,"Suffolk and North East Essex",NA,NA,49
2020-12-05,"Suffolk and North East Essex",383,145,49
2020-12-06,"Suffolk and North East Essex",NA,NA,50
2020-12-07,"Suffolk and North East Essex",NA,NA,50
2020-12-08,"Suffolk and North East Essex",NA,NA,50
2020-12-09,"Suffolk and North East Essex",NA,NA,50
2020-12-10,"Suffolk and North East Essex",NA,NA,50
2020-12-11,"Suffolk and North East Essex",NA,NA,50
2020-12-12,"Suffolk and North East Essex",324,539,50
2020-12-13,"Suffolk and North East Essex",NA,NA,51
2020-12-14,"Suffolk and North East Essex",NA,NA,51
2020-12-15,"Suffolk and North East Essex",NA,NA,51
2020-12-16,"Suffolk and North East Essex",NA,NA,51
2020-12-17,"Suffolk and North East Essex",NA,NA,51
2020-12-18,"Suffolk and North East Essex",NA,NA,51
2020-12-19,"Suffolk and North East Essex",513,1275,51
2020-12-20,"Suffolk and North East Essex",NA,NA,52
2020-12-21,"Suffolk and North East Essex",NA,NA,52
2020-12-22,"Suffolk and North East Essex",NA,NA,52
2020-12-23,"Suffolk and North East Essex",NA,NA,52
2020-12-24,"Suffolk and North East Essex",NA,NA,52
2020-12-25,"Suffolk and North East Essex",NA,NA,52
2020-12-26,"Suffolk and North East Essex",561,1901,52
2020-12-27,"Suffolk and North East Essex",NA,NA,53
2020-12-28,"Suffolk and North East Essex",NA,NA,53
2020-12-29,"Suffolk and North East Essex",NA,NA,53
2020-12-30,"Suffolk and North East Essex",NA,NA,53
2020-12-31,"Suffolk and North East Essex",NA,NA,53
2021-01-01,"Suffolk and North East Essex",NA,NA,53
2021-01-02,"Suffolk and North East Essex",549,4717,53
2021-01-03,"Suffolk and North East Essex",NA,NA,54
2021-01-04,"Suffolk and North East Essex",NA,NA,54
2021-01-05,"Suffolk and North East Essex",NA,NA,54
2021-01-06,"Suffolk and North East Essex",NA,NA,54
2021-01-07,"Suffolk and North East Essex",NA,NA,54
2021-01-08,"Suffolk and North East Essex",NA,NA,54
2021-01-09,"Suffolk and North East Essex",256,5045,54
2021-01-10,"Suffolk and North East Essex",NA,NA,55
2021-01-11,"Suffolk and North East Essex",NA,NA,55
2021-01-12,"Suffolk and North East Essex",NA,NA,55
2021-01-13,"Suffolk and North East Essex",NA,NA,55
2021-01-14,"Suffolk and North East Essex",NA,NA,55
2021-01-15,"Suffolk and North East Essex",NA,NA,55
2021-01-16,"Suffolk and North East Essex",56,3608,55
2021-01-17,"Suffolk and North East Essex",NA,NA,56
2021-01-18,"Suffolk and North East Essex",NA,NA,56
2021-01-19,"Suffolk and North East Essex",NA,NA,56
2021-01-20,"Suffolk and North East Essex",NA,NA,56
2021-01-21,"Suffolk and North East Essex",NA,NA,56
2021-01-22,"Suffolk and North East Essex",NA,NA,56
2021-01-23,"Suffolk and North East Essex",97,2603,56
2020-09-26,"Surrey Heartlands",NA,NA,39
2020-09-27,"Surrey Heartlands",NA,NA,40
2020-09-28,"Surrey Heartlands",NA,NA,40
2020-09-29,"Surrey Heartlands",NA,NA,40
2020-09-30,"Surrey Heartlands",NA,NA,40
2020-10-01,"Surrey Heartlands",NA,NA,40
2020-10-02,"Surrey Heartlands",NA,NA,40
2020-10-03,"Surrey Heartlands",NA,NA,40
2020-10-04,"Surrey Heartlands",NA,NA,41
2020-10-05,"Surrey Heartlands",NA,NA,41
2020-10-06,"Surrey Heartlands",NA,NA,41
2020-10-07,"Surrey Heartlands",NA,NA,41
2020-10-08,"Surrey Heartlands",NA,NA,41
2020-10-09,"Surrey Heartlands",NA,NA,41
2020-10-10,"Surrey Heartlands",NA,NA,41
2020-10-11,"Surrey Heartlands",NA,NA,42
2020-10-12,"Surrey Heartlands",NA,NA,42
2020-10-13,"Surrey Heartlands",NA,NA,42
2020-10-14,"Surrey Heartlands",NA,NA,42
2020-10-15,"Surrey Heartlands",NA,NA,42
2020-10-16,"Surrey Heartlands",NA,NA,42
2020-10-17,"Surrey Heartlands",NA,NA,42
2020-10-18,"Surrey Heartlands",NA,NA,43
2020-10-19,"Surrey Heartlands",NA,NA,43
2020-10-20,"Surrey Heartlands",NA,NA,43
2020-10-21,"Surrey Heartlands",NA,NA,43
2020-10-22,"Surrey Heartlands",NA,NA,43
2020-10-23,"Surrey Heartlands",NA,NA,43
2020-10-24,"Surrey Heartlands",489,4,43
2020-10-25,"Surrey Heartlands",NA,NA,44
2020-10-26,"Surrey Heartlands",NA,NA,44
2020-10-27,"Surrey Heartlands",NA,NA,44
2020-10-28,"Surrey Heartlands",NA,NA,44
2020-10-29,"Surrey Heartlands",NA,NA,44
2020-10-30,"Surrey Heartlands",NA,NA,44
2020-10-31,"Surrey Heartlands",648,10,44
2020-11-01,"Surrey Heartlands",NA,NA,45
2020-11-02,"Surrey Heartlands",NA,NA,45
2020-11-03,"Surrey Heartlands",NA,NA,45
2020-11-04,"Surrey Heartlands",NA,NA,45
2020-11-05,"Surrey Heartlands",NA,NA,45
2020-11-06,"Surrey Heartlands",NA,NA,45
2020-11-07,"Surrey Heartlands",668,29,45
2020-11-08,"Surrey Heartlands",NA,NA,46
2020-11-09,"Surrey Heartlands",NA,NA,46
2020-11-10,"Surrey Heartlands",NA,NA,46
2020-11-11,"Surrey Heartlands",NA,NA,46
2020-11-12,"Surrey Heartlands",NA,NA,46
2020-11-13,"Surrey Heartlands",NA,NA,46
2020-11-14,"Surrey Heartlands",732,109,46
2020-11-15,"Surrey Heartlands",NA,NA,47
2020-11-16,"Surrey Heartlands",NA,NA,47
2020-11-17,"Surrey Heartlands",NA,NA,47
2020-11-18,"Surrey Heartlands",NA,NA,47
2020-11-19,"Surrey Heartlands",NA,NA,47
2020-11-20,"Surrey Heartlands",NA,NA,47
2020-11-21,"Surrey Heartlands",477,154,47
2020-11-22,"Surrey Heartlands",NA,NA,48
2020-11-23,"Surrey Heartlands",NA,NA,48
2020-11-24,"Surrey Heartlands",NA,NA,48
2020-11-25,"Surrey Heartlands",NA,NA,48
2020-11-26,"Surrey Heartlands",NA,NA,48
2020-11-27,"Surrey Heartlands",NA,NA,48
2020-11-28,"Surrey Heartlands",290,252,48
2020-11-29,"Surrey Heartlands",NA,NA,49
2020-11-30,"Surrey Heartlands",NA,NA,49
2020-12-01,"Surrey Heartlands",NA,NA,49
2020-12-02,"Surrey Heartlands",NA,NA,49
2020-12-03,"Surrey Heartlands",NA,NA,49
2020-12-04,"Surrey Heartlands",NA,NA,49
2020-12-05,"Surrey Heartlands",268,417,49
2020-12-06,"Surrey Heartlands",NA,NA,50
2020-12-07,"Surrey Heartlands",NA,NA,50
2020-12-08,"Surrey Heartlands",NA,NA,50
2020-12-09,"Surrey Heartlands",NA,NA,50
2020-12-10,"Surrey Heartlands",NA,NA,50
2020-12-11,"Surrey Heartlands",NA,NA,50
2020-12-12,"Surrey Heartlands",332,713,50
2020-12-13,"Surrey Heartlands",NA,NA,51
2020-12-14,"Surrey Heartlands",NA,NA,51
2020-12-15,"Surrey Heartlands",NA,NA,51
2020-12-16,"Surrey Heartlands",NA,NA,51
2020-12-17,"Surrey Heartlands",NA,NA,51
2020-12-18,"Surrey Heartlands",NA,NA,51
2020-12-19,"Surrey Heartlands",442,1502,51
2020-12-20,"Surrey Heartlands",NA,NA,52
2020-12-21,"Surrey Heartlands",NA,NA,52
2020-12-22,"Surrey Heartlands",NA,NA,52
2020-12-23,"Surrey Heartlands",NA,NA,52
2020-12-24,"Surrey Heartlands",NA,NA,52
2020-12-25,"Surrey Heartlands",NA,NA,52
2020-12-26,"Surrey Heartlands",422,2430,52
2020-12-27,"Surrey Heartlands",NA,NA,53
2020-12-28,"Surrey Heartlands",NA,NA,53
2020-12-29,"Surrey Heartlands",NA,NA,53
2020-12-30,"Surrey Heartlands",NA,NA,53
2020-12-31,"Surrey Heartlands",NA,NA,53
2021-01-01,"Surrey Heartlands",NA,NA,53
2021-01-02,"Surrey Heartlands",400,3371,53
2021-01-03,"Surrey Heartlands",NA,NA,54
2021-01-04,"Surrey Heartlands",NA,NA,54
2021-01-05,"Surrey Heartlands",NA,NA,54
2021-01-06,"Surrey Heartlands",NA,NA,54
2021-01-07,"Surrey Heartlands",NA,NA,54
2021-01-08,"Surrey Heartlands",NA,NA,54
2021-01-09,"Surrey Heartlands",267,2979,54
2021-01-10,"Surrey Heartlands",NA,NA,55
2021-01-11,"Surrey Heartlands",NA,NA,55
2021-01-12,"Surrey Heartlands",NA,NA,55
2021-01-13,"Surrey Heartlands",NA,NA,55
2021-01-14,"Surrey Heartlands",NA,NA,55
2021-01-15,"Surrey Heartlands",NA,NA,55
2021-01-16,"Surrey Heartlands",172,2133,55
2021-01-17,"Surrey Heartlands",NA,NA,56
2021-01-18,"Surrey Heartlands",NA,NA,56
2021-01-19,"Surrey Heartlands",NA,NA,56
2021-01-20,"Surrey Heartlands",NA,NA,56
2021-01-21,"Surrey Heartlands",NA,NA,56
2021-01-22,"Surrey Heartlands",NA,NA,56
2021-01-23,"Surrey Heartlands",60,1483,56
2020-09-26,"Sussex and East Surrey",NA,NA,39
2020-09-27,"Sussex and East Surrey",NA,NA,40
2020-09-28,"Sussex and East Surrey",NA,NA,40
2020-09-29,"Sussex and East Surrey",NA,NA,40
2020-09-30,"Sussex and East Surrey",NA,NA,40
2020-10-01,"Sussex and East Surrey",NA,NA,40
2020-10-02,"Sussex and East Surrey",NA,NA,40
2020-10-03,"Sussex and East Surrey",NA,NA,40
2020-10-04,"Sussex and East Surrey",NA,NA,41
2020-10-05,"Sussex and East Surrey",NA,NA,41
2020-10-06,"Sussex and East Surrey",NA,NA,41
2020-10-07,"Sussex and East Surrey",NA,NA,41
2020-10-08,"Sussex and East Surrey",NA,NA,41
2020-10-09,"Sussex and East Surrey",NA,NA,41
2020-10-10,"Sussex and East Surrey",NA,NA,41
2020-10-11,"Sussex and East Surrey",NA,NA,42
2020-10-12,"Sussex and East Surrey",NA,NA,42
2020-10-13,"Sussex and East Surrey",NA,NA,42
2020-10-14,"Sussex and East Surrey",NA,NA,42
2020-10-15,"Sussex and East Surrey",NA,NA,42
2020-10-16,"Sussex and East Surrey",NA,NA,42
2020-10-17,"Sussex and East Surrey",NA,NA,42
2020-10-18,"Sussex and East Surrey",NA,NA,43
2020-10-19,"Sussex and East Surrey",NA,NA,43
2020-10-20,"Sussex and East Surrey",NA,NA,43
2020-10-21,"Sussex and East Surrey",NA,NA,43
2020-10-22,"Sussex and East Surrey",NA,NA,43
2020-10-23,"Sussex and East Surrey",NA,NA,43
2020-10-24,"Sussex and East Surrey",1571,11,43
2020-10-25,"Sussex and East Surrey",NA,NA,44
2020-10-26,"Sussex and East Surrey",NA,NA,44
2020-10-27,"Sussex and East Surrey",NA,NA,44
2020-10-28,"Sussex and East Surrey",NA,NA,44
2020-10-29,"Sussex and East Surrey",NA,NA,44
2020-10-30,"Sussex and East Surrey",NA,NA,44
2020-10-31,"Sussex and East Surrey",1672,30,44
2020-11-01,"Sussex and East Surrey",NA,NA,45
2020-11-02,"Sussex and East Surrey",NA,NA,45
2020-11-03,"Sussex and East Surrey",NA,NA,45
2020-11-04,"Sussex and East Surrey",NA,NA,45
2020-11-05,"Sussex and East Surrey",NA,NA,45
2020-11-06,"Sussex and East Surrey",NA,NA,45
2020-11-07,"Sussex and East Surrey",1649,98,45
2020-11-08,"Sussex and East Surrey",NA,NA,46
2020-11-09,"Sussex and East Surrey",NA,NA,46
2020-11-10,"Sussex and East Surrey",NA,NA,46
2020-11-11,"Sussex and East Surrey",NA,NA,46
2020-11-12,"Sussex and East Surrey",NA,NA,46
2020-11-13,"Sussex and East Surrey",NA,NA,46
2020-11-14,"Sussex and East Surrey",2038,358,46
2020-11-15,"Sussex and East Surrey",NA,NA,47
2020-11-16,"Sussex and East Surrey",NA,NA,47
2020-11-17,"Sussex and East Surrey",NA,NA,47
2020-11-18,"Sussex and East Surrey",NA,NA,47
2020-11-19,"Sussex and East Surrey",NA,NA,47
2020-11-20,"Sussex and East Surrey",NA,NA,47
2020-11-21,"Sussex and East Surrey",1363,469,47
2020-11-22,"Sussex and East Surrey",NA,NA,48
2020-11-23,"Sussex and East Surrey",NA,NA,48
2020-11-24,"Sussex and East Surrey",NA,NA,48
2020-11-25,"Sussex and East Surrey",NA,NA,48
2020-11-26,"Sussex and East Surrey",NA,NA,48
2020-11-27,"Sussex and East Surrey",NA,NA,48
2020-11-28,"Sussex and East Surrey",736,504,48
2020-11-29,"Sussex and East Surrey",NA,NA,49
2020-11-30,"Sussex and East Surrey",NA,NA,49
2020-12-01,"Sussex and East Surrey",NA,NA,49
2020-12-02,"Sussex and East Surrey",NA,NA,49
2020-12-03,"Sussex and East Surrey",NA,NA,49
2020-12-04,"Sussex and East Surrey",NA,NA,49
2020-12-05,"Sussex and East Surrey",575,920,49
2020-12-06,"Sussex and East Surrey",NA,NA,50
2020-12-07,"Sussex and East Surrey",NA,NA,50
2020-12-08,"Sussex and East Surrey",NA,NA,50
2020-12-09,"Sussex and East Surrey",NA,NA,50
2020-12-10,"Sussex and East Surrey",NA,NA,50
2020-12-11,"Sussex and East Surrey",NA,NA,50
2020-12-12,"Sussex and East Surrey",645,2043,50
2020-12-13,"Sussex and East Surrey",NA,NA,51
2020-12-14,"Sussex and East Surrey",NA,NA,51
2020-12-15,"Sussex and East Surrey",NA,NA,51
2020-12-16,"Sussex and East Surrey",NA,NA,51
2020-12-17,"Sussex and East Surrey",NA,NA,51
2020-12-18,"Sussex and East Surrey",NA,NA,51
2020-12-19,"Sussex and East Surrey",992,4605,51
2020-12-20,"Sussex and East Surrey",NA,NA,52
2020-12-21,"Sussex and East Surrey",NA,NA,52
2020-12-22,"Sussex and East Surrey",NA,NA,52
2020-12-23,"Sussex and East Surrey",NA,NA,52
2020-12-24,"Sussex and East Surrey",NA,NA,52
2020-12-25,"Sussex and East Surrey",NA,NA,52
2020-12-26,"Sussex and East Surrey",965,7110,52
2020-12-27,"Sussex and East Surrey",NA,NA,53
2020-12-28,"Sussex and East Surrey",NA,NA,53
2020-12-29,"Sussex and East Surrey",NA,NA,53
2020-12-30,"Sussex and East Surrey",NA,NA,53
2020-12-31,"Sussex and East Surrey",NA,NA,53
2021-01-01,"Sussex and East Surrey",NA,NA,53
2021-01-02,"Sussex and East Surrey",999,12232,53
2021-01-03,"Sussex and East Surrey",NA,NA,54
2021-01-04,"Sussex and East Surrey",NA,NA,54
2021-01-05,"Sussex and East Surrey",NA,NA,54
2021-01-06,"Sussex and East Surrey",NA,NA,54
2021-01-07,"Sussex and East Surrey",NA,NA,54
2021-01-08,"Sussex and East Surrey",NA,NA,54
2021-01-09,"Sussex and East Surrey",729,11507,54
2021-01-10,"Sussex and East Surrey",NA,NA,55
2021-01-11,"Sussex and East Surrey",NA,NA,55
2021-01-12,"Sussex and East Surrey",NA,NA,55
2021-01-13,"Sussex and East Surrey",NA,NA,55
2021-01-14,"Sussex and East Surrey",NA,NA,55
2021-01-15,"Sussex and East Surrey",NA,NA,55
2021-01-16,"Sussex and East Surrey",399,8703,55
2021-01-17,"Sussex and East Surrey",NA,NA,56
2021-01-18,"Sussex and East Surrey",NA,NA,56
2021-01-19,"Sussex and East Surrey",NA,NA,56
2021-01-20,"Sussex and East Surrey",NA,NA,56
2021-01-21,"Sussex and East Surrey",NA,NA,56
2021-01-22,"Sussex and East Surrey",NA,NA,56
2021-01-23,"Sussex and East Surrey",307,5995,56
2020-09-26,"The Black Country and West Birmingham",NA,NA,39
2020-09-27,"The Black Country and West Birmingham",NA,NA,40
2020-09-28,"The Black Country and West Birmingham",NA,NA,40
2020-09-29,"The Black Country and West Birmingham",NA,NA,40
2020-09-30,"The Black Country and West Birmingham",NA,NA,40
2020-10-01,"The Black Country and West Birmingham",NA,NA,40
2020-10-02,"The Black Country and West Birmingham",NA,NA,40
2020-10-03,"The Black Country and West Birmingham",NA,NA,40
2020-10-04,"The Black Country and West Birmingham",NA,NA,41
2020-10-05,"The Black Country and West Birmingham",NA,NA,41
2020-10-06,"The Black Country and West Birmingham",NA,NA,41
2020-10-07,"The Black Country and West Birmingham",NA,NA,41
2020-10-08,"The Black Country and West Birmingham",NA,NA,41
2020-10-09,"The Black Country and West Birmingham",NA,NA,41
2020-10-10,"The Black Country and West Birmingham",NA,NA,41
2020-10-11,"The Black Country and West Birmingham",NA,NA,42
2020-10-12,"The Black Country and West Birmingham",NA,NA,42
2020-10-13,"The Black Country and West Birmingham",NA,NA,42
2020-10-14,"The Black Country and West Birmingham",NA,NA,42
2020-10-15,"The Black Country and West Birmingham",NA,NA,42
2020-10-16,"The Black Country and West Birmingham",NA,NA,42
2020-10-17,"The Black Country and West Birmingham",NA,NA,42
2020-10-18,"The Black Country and West Birmingham",NA,NA,43
2020-10-19,"The Black Country and West Birmingham",NA,NA,43
2020-10-20,"The Black Country and West Birmingham",NA,NA,43
2020-10-21,"The Black Country and West Birmingham",NA,NA,43
2020-10-22,"The Black Country and West Birmingham",NA,NA,43
2020-10-23,"The Black Country and West Birmingham",NA,NA,43
2020-10-24,"The Black Country and West Birmingham",5785,1,43
2020-10-25,"The Black Country and West Birmingham",NA,NA,44
2020-10-26,"The Black Country and West Birmingham",NA,NA,44
2020-10-27,"The Black Country and West Birmingham",NA,NA,44
2020-10-28,"The Black Country and West Birmingham",NA,NA,44
2020-10-29,"The Black Country and West Birmingham",NA,NA,44
2020-10-30,"The Black Country and West Birmingham",NA,NA,44
2020-10-31,"The Black Country and West Birmingham",6638,4,44
2020-11-01,"The Black Country and West Birmingham",NA,NA,45
2020-11-02,"The Black Country and West Birmingham",NA,NA,45
2020-11-03,"The Black Country and West Birmingham",NA,NA,45
2020-11-04,"The Black Country and West Birmingham",NA,NA,45
2020-11-05,"The Black Country and West Birmingham",NA,NA,45
2020-11-06,"The Black Country and West Birmingham",NA,NA,45
2020-11-07,"The Black Country and West Birmingham",7852,24,45
2020-11-08,"The Black Country and West Birmingham",NA,NA,46
2020-11-09,"The Black Country and West Birmingham",NA,NA,46
2020-11-10,"The Black Country and West Birmingham",NA,NA,46
2020-11-11,"The Black Country and West Birmingham",NA,NA,46
2020-11-12,"The Black Country and West Birmingham",NA,NA,46
2020-11-13,"The Black Country and West Birmingham",NA,NA,46
2020-11-14,"The Black Country and West Birmingham",9126,65,46
2020-11-15,"The Black Country and West Birmingham",NA,NA,47
2020-11-16,"The Black Country and West Birmingham",NA,NA,47
2020-11-17,"The Black Country and West Birmingham",NA,NA,47
2020-11-18,"The Black Country and West Birmingham",NA,NA,47
2020-11-19,"The Black Country and West Birmingham",NA,NA,47
2020-11-20,"The Black Country and West Birmingham",NA,NA,47
2020-11-21,"The Black Country and West Birmingham",7612,85,47
2020-11-22,"The Black Country and West Birmingham",NA,NA,48
2020-11-23,"The Black Country and West Birmingham",NA,NA,48
2020-11-24,"The Black Country and West Birmingham",NA,NA,48
2020-11-25,"The Black Country and West Birmingham",NA,NA,48
2020-11-26,"The Black Country and West Birmingham",NA,NA,48
2020-11-27,"The Black Country and West Birmingham",NA,NA,48
2020-11-28,"The Black Country and West Birmingham",4966,147,48
2020-11-29,"The Black Country and West Birmingham",NA,NA,49
2020-11-30,"The Black Country and West Birmingham",NA,NA,49
2020-12-01,"The Black Country and West Birmingham",NA,NA,49
2020-12-02,"The Black Country and West Birmingham",NA,NA,49
2020-12-03,"The Black Country and West Birmingham",NA,NA,49
2020-12-04,"The Black Country and West Birmingham",NA,NA,49
2020-12-05,"The Black Country and West Birmingham",3812,284,49
2020-12-06,"The Black Country and West Birmingham",NA,NA,50
2020-12-07,"The Black Country and West Birmingham",NA,NA,50
2020-12-08,"The Black Country and West Birmingham",NA,NA,50
2020-12-09,"The Black Country and West Birmingham",NA,NA,50
2020-12-10,"The Black Country and West Birmingham",NA,NA,50
2020-12-11,"The Black Country and West Birmingham",NA,NA,50
2020-12-12,"The Black Country and West Birmingham",3606,786,50
2020-12-13,"The Black Country and West Birmingham",NA,NA,51
2020-12-14,"The Black Country and West Birmingham",NA,NA,51
2020-12-15,"The Black Country and West Birmingham",NA,NA,51
2020-12-16,"The Black Country and West Birmingham",NA,NA,51
2020-12-17,"The Black Country and West Birmingham",NA,NA,51
2020-12-18,"The Black Country and West Birmingham",NA,NA,51
2020-12-19,"The Black Country and West Birmingham",3608,2106,51
2020-12-20,"The Black Country and West Birmingham",NA,NA,52
2020-12-21,"The Black Country and West Birmingham",NA,NA,52
2020-12-22,"The Black Country and West Birmingham",NA,NA,52
2020-12-23,"The Black Country and West Birmingham",NA,NA,52
2020-12-24,"The Black Country and West Birmingham",NA,NA,52
2020-12-25,"The Black Country and West Birmingham",NA,NA,52
2020-12-26,"The Black Country and West Birmingham",3300,4157,52
2020-12-27,"The Black Country and West Birmingham",NA,NA,53
2020-12-28,"The Black Country and West Birmingham",NA,NA,53
2020-12-29,"The Black Country and West Birmingham",NA,NA,53
2020-12-30,"The Black Country and West Birmingham",NA,NA,53
2020-12-31,"The Black Country and West Birmingham",NA,NA,53
2021-01-01,"The Black Country and West Birmingham",NA,NA,53
2021-01-02,"The Black Country and West Birmingham",4084,10828,53
2021-01-03,"The Black Country and West Birmingham",NA,NA,54
2021-01-04,"The Black Country and West Birmingham",NA,NA,54
2021-01-05,"The Black Country and West Birmingham",NA,NA,54
2021-01-06,"The Black Country and West Birmingham",NA,NA,54
2021-01-07,"The Black Country and West Birmingham",NA,NA,54
2021-01-08,"The Black Country and West Birmingham",NA,NA,54
2021-01-09,"The Black Country and West Birmingham",2884,14567,54
2021-01-10,"The Black Country and West Birmingham",NA,NA,55
2021-01-11,"The Black Country and West Birmingham",NA,NA,55
2021-01-12,"The Black Country and West Birmingham",NA,NA,55
2021-01-13,"The Black Country and West Birmingham",NA,NA,55
2021-01-14,"The Black Country and West Birmingham",NA,NA,55
2021-01-15,"The Black Country and West Birmingham",NA,NA,55
2021-01-16,"The Black Country and West Birmingham",1840,14110,55
2021-01-17,"The Black Country and West Birmingham",NA,NA,56
2021-01-18,"The Black Country and West Birmingham",NA,NA,56
2021-01-19,"The Black Country and West Birmingham",NA,NA,56
2021-01-20,"The Black Country and West Birmingham",NA,NA,56
2021-01-21,"The Black Country and West Birmingham",NA,NA,56
2021-01-22,"The Black Country and West Birmingham",NA,NA,56
2021-01-23,"The Black Country and West Birmingham",988,12352,56
2020-09-26,"West Yorkshire and Harrogate (Health and Care Partnership)",NA,NA,39
2020-09-27,"West Yorkshire and Harrogate (Health and Care Partnership)",NA,NA,40
2020-09-28,"West Yorkshire and Harrogate (Health and Care Partnership)",NA,NA,40
2020-09-29,"West Yorkshire and Harrogate (Health and Care Partnership)",NA,NA,40
2020-09-30,"West Yorkshire and Harrogate (Health and Care Partnership)",NA,NA,40
2020-10-01,"West Yorkshire and Harrogate (Health and Care Partnership)",NA,NA,40
2020-10-02,"West Yorkshire and Harrogate (Health and Care Partnership)",NA,NA,40
2020-10-03,"West Yorkshire and Harrogate (Health and Care Partnership)",NA,NA,40
2020-10-04,"West Yorkshire and Harrogate (Health and Care Partnership)",NA,NA,41
2020-10-05,"West Yorkshire and Harrogate (Health and Care Partnership)",NA,NA,41
2020-10-06,"West Yorkshire and Harrogate (Health and Care Partnership)",NA,NA,41
2020-10-07,"West Yorkshire and Harrogate (Health and Care Partnership)",NA,NA,41
2020-10-08,"West Yorkshire and Harrogate (Health and Care Partnership)",NA,NA,41
2020-10-09,"West Yorkshire and Harrogate (Health and Care Partnership)",NA,NA,41
2020-10-10,"West Yorkshire and Harrogate (Health and Care Partnership)",NA,NA,41
2020-10-11,"West Yorkshire and Harrogate (Health and Care Partnership)",NA,NA,42
2020-10-12,"West Yorkshire and Harrogate (Health and Care Partnership)",NA,NA,42
2020-10-13,"West Yorkshire and Harrogate (Health and Care Partnership)",NA,NA,42
2020-10-14,"West Yorkshire and Harrogate (Health and Care Partnership)",NA,NA,42
2020-10-15,"West Yorkshire and Harrogate (Health and Care Partnership)",NA,NA,42
2020-10-16,"West Yorkshire and Harrogate (Health and Care Partnership)",NA,NA,42
2020-10-17,"West Yorkshire and Harrogate (Health and Care Partnership)",NA,NA,42
2020-10-18,"West Yorkshire and Harrogate (Health and Care Partnership)",NA,NA,43
2020-10-19,"West Yorkshire and Harrogate (Health and Care Partnership)",NA,NA,43
2020-10-20,"West Yorkshire and Harrogate (Health and Care Partnership)",NA,NA,43
2020-10-21,"West Yorkshire and Harrogate (Health and Care Partnership)",NA,NA,43
2020-10-22,"West Yorkshire and Harrogate (Health and Care Partnership)",NA,NA,43
2020-10-23,"West Yorkshire and Harrogate (Health and Care Partnership)",NA,NA,43
2020-10-24,"West Yorkshire and Harrogate (Health and Care Partnership)",9735,3,43
2020-10-25,"West Yorkshire and Harrogate (Health and Care Partnership)",NA,NA,44
2020-10-26,"West Yorkshire and Harrogate (Health and Care Partnership)",NA,NA,44
2020-10-27,"West Yorkshire and Harrogate (Health and Care Partnership)",NA,NA,44
2020-10-28,"West Yorkshire and Harrogate (Health and Care Partnership)",NA,NA,44
2020-10-29,"West Yorkshire and Harrogate (Health and Care Partnership)",NA,NA,44
2020-10-30,"West Yorkshire and Harrogate (Health and Care Partnership)",NA,NA,44
2020-10-31,"West Yorkshire and Harrogate (Health and Care Partnership)",10537,9,44
2020-11-01,"West Yorkshire and Harrogate (Health and Care Partnership)",NA,NA,45
2020-11-02,"West Yorkshire and Harrogate (Health and Care Partnership)",NA,NA,45
2020-11-03,"West Yorkshire and Harrogate (Health and Care Partnership)",NA,NA,45
2020-11-04,"West Yorkshire and Harrogate (Health and Care Partnership)",NA,NA,45
2020-11-05,"West Yorkshire and Harrogate (Health and Care Partnership)",NA,NA,45
2020-11-06,"West Yorkshire and Harrogate (Health and Care Partnership)",NA,NA,45
2020-11-07,"West Yorkshire and Harrogate (Health and Care Partnership)",11682,21,45
2020-11-08,"West Yorkshire and Harrogate (Health and Care Partnership)",NA,NA,46
2020-11-09,"West Yorkshire and Harrogate (Health and Care Partnership)",NA,NA,46
2020-11-10,"West Yorkshire and Harrogate (Health and Care Partnership)",NA,NA,46
2020-11-11,"West Yorkshire and Harrogate (Health and Care Partnership)",NA,NA,46
2020-11-12,"West Yorkshire and Harrogate (Health and Care Partnership)",NA,NA,46
2020-11-13,"West Yorkshire and Harrogate (Health and Care Partnership)",NA,NA,46
2020-11-14,"West Yorkshire and Harrogate (Health and Care Partnership)",11082,47,46
2020-11-15,"West Yorkshire and Harrogate (Health and Care Partnership)",NA,NA,47
2020-11-16,"West Yorkshire and Harrogate (Health and Care Partnership)",NA,NA,47
2020-11-17,"West Yorkshire and Harrogate (Health and Care Partnership)",NA,NA,47
2020-11-18,"West Yorkshire and Harrogate (Health and Care Partnership)",NA,NA,47
2020-11-19,"West Yorkshire and Harrogate (Health and Care Partnership)",NA,NA,47
2020-11-20,"West Yorkshire and Harrogate (Health and Care Partnership)",NA,NA,47
2020-11-21,"West Yorkshire and Harrogate (Health and Care Partnership)",7432,54,47
2020-11-22,"West Yorkshire and Harrogate (Health and Care Partnership)",NA,NA,48
2020-11-23,"West Yorkshire and Harrogate (Health and Care Partnership)",NA,NA,48
2020-11-24,"West Yorkshire and Harrogate (Health and Care Partnership)",NA,NA,48
2020-11-25,"West Yorkshire and Harrogate (Health and Care Partnership)",NA,NA,48
2020-11-26,"West Yorkshire and Harrogate (Health and Care Partnership)",NA,NA,48
2020-11-27,"West Yorkshire and Harrogate (Health and Care Partnership)",NA,NA,48
2020-11-28,"West Yorkshire and Harrogate (Health and Care Partnership)",4538,61,48
2020-11-29,"West Yorkshire and Harrogate (Health and Care Partnership)",NA,NA,49
2020-11-30,"West Yorkshire and Harrogate (Health and Care Partnership)",NA,NA,49
2020-12-01,"West Yorkshire and Harrogate (Health and Care Partnership)",NA,NA,49
2020-12-02,"West Yorkshire and Harrogate (Health and Care Partnership)",NA,NA,49
2020-12-03,"West Yorkshire and Harrogate (Health and Care Partnership)",NA,NA,49
2020-12-04,"West Yorkshire and Harrogate (Health and Care Partnership)",NA,NA,49
2020-12-05,"West Yorkshire and Harrogate (Health and Care Partnership)",3634,79,49
2020-12-06,"West Yorkshire and Harrogate (Health and Care Partnership)",NA,NA,50
2020-12-07,"West Yorkshire and Harrogate (Health and Care Partnership)",NA,NA,50
2020-12-08,"West Yorkshire and Harrogate (Health and Care Partnership)",NA,NA,50
2020-12-09,"West Yorkshire and Harrogate (Health and Care Partnership)",NA,NA,50
2020-12-10,"West Yorkshire and Harrogate (Health and Care Partnership)",NA,NA,50
2020-12-11,"West Yorkshire and Harrogate (Health and Care Partnership)",NA,NA,50
2020-12-12,"West Yorkshire and Harrogate (Health and Care Partnership)",3217,156,50
2020-12-13,"West Yorkshire and Harrogate (Health and Care Partnership)",NA,NA,51
2020-12-14,"West Yorkshire and Harrogate (Health and Care Partnership)",NA,NA,51
2020-12-15,"West Yorkshire and Harrogate (Health and Care Partnership)",NA,NA,51
2020-12-16,"West Yorkshire and Harrogate (Health and Care Partnership)",NA,NA,51
2020-12-17,"West Yorkshire and Harrogate (Health and Care Partnership)",NA,NA,51
2020-12-18,"West Yorkshire and Harrogate (Health and Care Partnership)",NA,NA,51
2020-12-19,"West Yorkshire and Harrogate (Health and Care Partnership)",3066,382,51
2020-12-20,"West Yorkshire and Harrogate (Health and Care Partnership)",NA,NA,52
2020-12-21,"West Yorkshire and Harrogate (Health and Care Partnership)",NA,NA,52
2020-12-22,"West Yorkshire and Harrogate (Health and Care Partnership)",NA,NA,52
2020-12-23,"West Yorkshire and Harrogate (Health and Care Partnership)",NA,NA,52
2020-12-24,"West Yorkshire and Harrogate (Health and Care Partnership)",NA,NA,52
2020-12-25,"West Yorkshire and Harrogate (Health and Care Partnership)",NA,NA,52
2020-12-26,"West Yorkshire and Harrogate (Health and Care Partnership)",3088,1004,52
2020-12-27,"West Yorkshire and Harrogate (Health and Care Partnership)",NA,NA,53
2020-12-28,"West Yorkshire and Harrogate (Health and Care Partnership)",NA,NA,53
2020-12-29,"West Yorkshire and Harrogate (Health and Care Partnership)",NA,NA,53
2020-12-30,"West Yorkshire and Harrogate (Health and Care Partnership)",NA,NA,53
2020-12-31,"West Yorkshire and Harrogate (Health and Care Partnership)",NA,NA,53
2021-01-01,"West Yorkshire and Harrogate (Health and Care Partnership)",NA,NA,53
2021-01-02,"West Yorkshire and Harrogate (Health and Care Partnership)",3903,3047,53
2021-01-03,"West Yorkshire and Harrogate (Health and Care Partnership)",NA,NA,54
2021-01-04,"West Yorkshire and Harrogate (Health and Care Partnership)",NA,NA,54
2021-01-05,"West Yorkshire and Harrogate (Health and Care Partnership)",NA,NA,54
2021-01-06,"West Yorkshire and Harrogate (Health and Care Partnership)",NA,NA,54
2021-01-07,"West Yorkshire and Harrogate (Health and Care Partnership)",NA,NA,54
2021-01-08,"West Yorkshire and Harrogate (Health and Care Partnership)",NA,NA,54
2021-01-09,"West Yorkshire and Harrogate (Health and Care Partnership)",3019,4347,54
2021-01-10,"West Yorkshire and Harrogate (Health and Care Partnership)",NA,NA,55
2021-01-11,"West Yorkshire and Harrogate (Health and Care Partnership)",NA,NA,55
2021-01-12,"West Yorkshire and Harrogate (Health and Care Partnership)",NA,NA,55
2021-01-13,"West Yorkshire and Harrogate (Health and Care Partnership)",NA,NA,55
2021-01-14,"West Yorkshire and Harrogate (Health and Care Partnership)",NA,NA,55
2021-01-15,"West Yorkshire and Harrogate (Health and Care Partnership)",NA,NA,55
2021-01-16,"West Yorkshire and Harrogate (Health and Care Partnership)",1818,4367,55
2021-01-17,"West Yorkshire and Harrogate (Health and Care Partnership)",NA,NA,56
2021-01-18,"West Yorkshire and Harrogate (Health and Care Partnership)",NA,NA,56
2021-01-19,"West Yorkshire and Harrogate (Health and Care Partnership)",NA,NA,56
2021-01-20,"West Yorkshire and Harrogate (Health and Care Partnership)",NA,NA,56
2021-01-21,"West Yorkshire and Harrogate (Health and Care Partnership)",NA,NA,56
2021-01-22,"West Yorkshire and Harrogate (Health and Care Partnership)",NA,NA,56
2021-01-23,"West Yorkshire and Harrogate (Health and Care Partnership)",1161,4848,56
